id,name,birth_canton,lat,long,wikidata_uri
0,Frienisberg,BE,,,
1,Lichtensteig,SG,,,
2,Saint-Gall,SG,,,
3,Soleure,SO,,,
4,Isenfluh,BE,,,
5,"La Chaux-de-Fonds",NE,,,
6,Bottens,VD,,,
7,Montreux,VD,,,
8,Meilen,ZH,,,
9,"Viège",VS,,,
10,Zurich,ZH,,,
11,Quinto,TI,,,
12,Gresso,TI,,,
13,Sorengo,TI,,,
14,"Neuchâtel",NE,,,
15,"Wädenswil",ZH,,,
16,Hambourg,Etranger,,,
17,"Bâle",BS,,,
18,Bielefeld,Etranger,,,
19,Wil,SG,,,
20,"Genève",GE,,,
21,Lucerne,LU,,,
22,Sissach,BL,,,
23,Alsace,Etranger,,,
24,Gerliswil,LU,,,
25,Nyon,VD,,,
26,Frauenfeld,TG,,,
27,"Arbon (TG)",TG,,,
28,Turin,Etranger,,,
29,Heerbrugg,SG,,,
30,"Büren",SO,,,
31,"Hütten",ZH,,,
32,Coire,GR,,,
33,Winterthour,ZH,,,
34,Laufen,BE,,,
35,Emmen,LU,,,
36,Olten,SO,,,
37,Petit-Saconnex,GE,,,
38,Sarnen,OW,,,
39,Schaffhouse,SH,,,
40,Aussersihl,ZH,,,
41,"Montréal",Etranger,,,
42,Fluntern,ZH,,,
43,"Frankfurt am Main",Etranger,,,
44,Francfort,Etranger,,,
45,Sainte-Croix,VD,,,
46,"Rio de Janeiro",Etranger,,,
47,Seewis,GR,,,
48,"Freiburg im Breisgau",Etranger,,,
49,Hauptwil,TG,,,
50,Berne,BE,,,
51,"Füllinsdorf",BL,,,
52,Bulle,FR,,,
53,Clarens,VD,,,
54,Berlin,Etranger,,,
55,Schleitheim,SH,,,
56,Danzig,Etranger,,,
57,Thalwil,ZH,,,
58,"Affoltern am Albis",ZH,,,
59,"Wülflingen",ZH,,,
60,Savognin,GR,,,
61,Conches,GE,,,
62,Bienne,BE,,,
63,Plainpalais,GE,,,
64,Erlach,BE,,,
65,Sursee,LU,,,
66,Romont,FR,,,
67,Lausanne,VD,,,
68,Payerne,VD,,,
69,Saint-Aubin,NE,,,
70,Yverdon,VD,,,
71,Wohlen,AG,,,
72,Eaux-Vives,GE,,,
73,Vevey,VD,,,
74,Paris,Etranger,,,
75,Poschiavo,GR,,,
76,Lutry,VD,,,
77,"Kölliken",AG,,,
78,Berthoud,BE,,,
79,Moscou,Etranger,,,
80,Maienfeld,GR,,,
81,Aarau,AG,,,
82,"Emmenbrücke-Littau (LU)",LU,,,
83,Witzwil,BE,,,
84,"Rüschegg",BE,,,
85,"Spiegel bei Bern",BE,,,
86,"Crans-près-Céligny",VD,,,
87,"Gênes",Etranger,,,
88,Berikon,AG,,,
89,Carouge,GE,,,
90,Kefikon,TG,,,
91,Winterthur,ZH,,,
92,Granges,SO,,,
93,Cologne,Etranger,,,
94,Niederuzwil,SG,,,
95,Cham,UR,,,
96,Varese,Etranger,,,
97,Liestal,BL,,,
98,"Rüti",ZH,,,
99,Riehen,BS,,,
100,Pratteln,BL,,,
101,"Le Locle",NE,,,
102,"Zürich-Hottingen",ZH,,,
103,Aigle,VD,,,
104,Oberentfelden,AG,,,
105,"Küsnacht",ZH,,,
106,"Unterägeri",ZG,,,
107,Zwingen,BL,,,
108,Aubonne,VD,,,
109,Grindelwald,BE,,,
110,Neudorf,LU,,,
111,"Liebefeld (Köniz)",BE,,,
112,Agarn,VS,,,
113,Cresciano,TI,,,
114,Hauenstein-Ifenthal,SO,,,
115,Cham,ZG,,,
116,Forel,VD,,,
117,Herisau,AR,,,
118,"La Tour-de-Peilz",VD,,,
119,Seewen,SZ,,,
120,Erstfeld,UR,,,
121,Bassecourt,JU,,,
122,Wyssachen,BE,,,
123,Reichenbach,BE,,,
124,Scharnachtal,BE,,,
125,Caslano,TI,,,
126,Milan,Etranger,,,
127,"Schübelbach",SZ,,,
128,"Rieden (auj. Wallisellen)",ZH,,,
129,Baar,ZG,,,
130,Appenzell,AI,,,
131,Buochs,NW,,,
132,Brienz,BE,,,
133,Stallikon,ZH,,,
134,"Les Verrières",NE,,,
135,Heimiswil,BE,,,
136,Uster,ZH,,,
137,Homburg,TG,,,
138,"Gelfingen (auj. comm. Hitzkirch)",LU,,,
139,Riex,VD,,,
140,Lancy,GE,,,
141,Massongex,VS,,,
142,Eglisau,ZH,,,
143,Meiringen,BE,,,
144,"Sankt Josefen",SG,,,
145,"Schönenwerd",SO,,,
146,"Mümliswil",SO,,,
147,Verbier,VS,,,
148,Cologny,GE,,,
149,Zurzach,AG,,,
150,Faido,TI,,,
151,Alexandrie,Etranger,,,
152,Samedan,GR,,,
153,Lyss,BE,,,
154,Konolfingen,BE,,,
155,Sion,VS,,,
156,Engelberg,OW,,,
157,Sierre,VS,,,
158,Cadiz,Etranger,,,
159,Stans,NW,,,
160,"Le Sentier",VD,,,
161,Ottenbach,ZH,,,
162,"Chêne-Bougeries",GE,,,
163,Oregon,Etranger,,,
164,Lugano,TI,,,
165,Herzogenbuchsee,BE,,,
166,Sachseln,OW,,,
167,Chancy,GE,,,
168,Nancy,Etranger,,,
169,"Rüdlingen",SH,,,
170,Wettingen,AG,,,
171,Bellinzone,TI,,,
172,Petit-Veyrier,GE,,,
173,Perly-Certoux,GE,,,
174,"New York",Etranger,,,
175,"Landecy (comm. Bardonnex)",GE,,,
176,Lyon,Etranger,,,
177,Mont-sur-Rolle,VD,,,
178,Bex,VD,,,
179,Peissy,GE,,,
180,"Sécheron",GE,,,
181,Veytaux,VD,,,
182,Vernier,GE,,,
183,Genthod,GE,,,
184,Hombrechtikon,ZH,,,
185,Trogen,AR,,,
186,Niederweningen,ZH,,,
187,Monthey,VS,,,
188,Churwalden,GR,,,
189,"Balgach (SG)",SG,,,
190,Spiez,BE,,,
191,Andermatt,UR,,,
192,Turin,VS,,,
193,Balgach,SG,,,
194,Niederglatt,ZH,,,
195,Horgen,ZH,,,
196,"Lori, Armenien, Osmanisches Reich",Etranger,,,
197,Lingen,Etranger,,,
198,"La Haye",Etranger,,,
199,"Pfäffikon",ZH,,,
200,Pontresina,GR,,,
201,"Le Petit-Saconnex",GE,,,
202,Monte-Carlo,Etranger,,,
203,Bubikon,ZH,,,
204,"Eaux-Vives (auj. comm. Genève)",GE,,,
205,"Courtételle",JU,,,
206,Auw,AG,,,
207,Zofingue,AG,,,
208,Binningen,BL,,,
209,Seebach,ZH,,,
210,Baden,AG,,,
211,Entlebuch,LU,,,
212,Fribourg,FR,,,
213,Mendrisio,TI,,,
214,"Féchy",VD,,,
215,Niederhelfenschwil,SG,,,
216,"Wäschenbeuren (Baden-Württemberg)",Etranger,,,
217,Beyrouth,Etranger,,,
218,Wilderswil,BE,,,
219,"La Sagne",NE,,,
220,Budapest,Etranger,,,
221,Cartigny,GE,,,
222,Avignon,Etranger,,,
223,Naples,Etranger,,,
224,Altstetten,ZH,,,
225,Satigny,GE,,,
226,"Lyss (BE)",BE,,,
227,Wetzikon,ZH,,,
228,"Les Hauts-Geneveys",NE,,,
229,Trieste,Etranger,,,
230,Varsovie,Etranger,,,
231,"Macerata Feltria",Etranger,,,
232,Elgg,ZH,,,
233,"Sépey-près-Vulliens",VD,,,
234,Schwarzenegg,BE,,,
235,Vallorbe,VD,,,
236,"Modène",Etranger,,,
237,Zollikon,ZH,,,
238,"Grandchamp (comm. Boudry)",NE,,,
239,"Dorpat (Russie, auj. Tartu en Estonie)",Etranger,,,
240,Elsau,ZH,,,
241,"Krzecin (Galicie, Autriche-Hongrie, auj. Pologne)",Etranger,,,
242,"Stade près de l'Elbe",Etranger,,,
243,"Wülflingen (auj. comm. Winterthour)",ZH,,,
244,Fleurier,NE,,,
245,"Illzach (Alsace)",Etranger,,,
246,Kiel,Etranger,,,
247,"Brülisau (comm. Rüte)",AI,,,
248,Heiden,SG,,,
249,Rolle,VD,,,
250,Pully,VD,,,
251,"Göttingen",Etranger,,,
252,Lauenen,BE,,,
253,Montpellier,Etranger,,,
254,"Buchdorf (Bavière)",Etranger,,,
255,Giessen,Etranger,,,
256,Francfort-sur-le-Main,Etranger,,,
257,Bonn,Etranger,,,
258,"Delémont",BE,,,
259,Utrecht,Etranger,,,
260,"Wünnewil",FR,,,
261,Strasbourg,Etranger,,,
262,"Saint-Pargoire (Languedoc)",Etranger,,,
263,"Heilbronn (Wurtemberg)",Etranger,,,
264,Amriswil,TG,,,
265,"Walzenhausen (AR)",AR,,,
266,"Münchenbuchsee (BE)",BE,,,
267,Trubschachen,BE,,,
268,Steffisburg,BE,,,
269,Lemberg,Etranger,,,
270,"Oberburg (BE)",BE,,,
271,"Sonvilier (BE)",BE,,,
272,"Hirzel (ZH)",ZH,,,
273,Orpund,BE,,,
274,"Gossau (SG)",SG,,,
275,"Weinfelden (TG)",TG,,,
276,"Saint-Mihiel (Lorraine)",Etranger,,,
277,Barcelone,Etranger,,,
278,Nuremberg,Etranger,,,
279,Walenstadt,SG,,,
280,Brest,Etranger,,,
281,Annemasse,Etranger,,,
282,"Olten (SO)",SO,,,
283,Sholapore,Etranger,,,
284,Nantes,Etranger,,,
285,Fully,VS,,,
286,"Grisolia Cipollina, Cosenza",Etranger,,,
287,Brigue,VS,,,
288,Karlsruhe,Etranger,,,
289,Suhl,Etranger,,,
290,Arnstadt,Etranger,,,
291,Nankin,Etranger,,,
292,Atzelsdorf,Etranger,,,
293,Bremerhaven,Etranger,,,
294,Marseille,Etranger,,,
295,Thoune,BE,,,
296,"Athènes",Etranger,,,
297,Guggisberg,BE,,,
298,"Gross Neukirch",Etranger,,,
299,Arosa,GR,,,
300,"Aurich (Frise orientale)",Etranger,,,
301,Altishofen,LU,,,
302,Moutier,BE,,,
303,"Hasle bei Burgdorf",BE,,,
304,Wald,ZH,,,
305,Madrid,Etranger,,,
306,Hohenems,Etranger,,,
307,Wolfhalden,AR,,,
308,Schaffhausen,ZH,,,
309,Locarno,TI,,,
310,Stein,AG,,,
311,Trimbach,SO,,,
312,Stuttgart,Etranger,,,
313,Nordhausen,Etranger,,,
314,"Saarbrücken",Etranger,,,
315,Saint-Imier,BE,,,
316,Dresde,Etranger,,,
317,Tobel,TG,,,
318,"Köniz",BE,,,
319,Kloten,ZH,,,
320,Leon,Etranger,,,
321,"Prien, Bavière",Etranger,,,
322,Nepi,Etranger,,,
323,Orbe,VD,,,
324,Sulgen,TG,,,
325,Bordeaux,Etranger,,,
326,Echallens,VD,,,
327,Bellegarde,Etranger,,,
328,"Iowa City",Etranger,,,
329,Toronto,Etranger,,,
330,"Verrières",Etranger,,,
331,Treysa,Etranger,,,
332,Blaubeuren,Etranger,,,
333,"Tübingen",Etranger,,,
334,Ilmenau,Etranger,,,
335,"Radès",Etranger,,,
336,"Neuchâtel",VD,,,
337,Prague,Etranger,,,
338,"Môtiers",NE,,,
339,"Berleburg (Westphalie)",Etranger,,,
340,Chemnitz,Etranger,,,
341,Darmstadt,Etranger,,,
342,Eschweiler,Etranger,,,
343,"Cham (ZG)",ZG,,,
344,"Fällanden",ZH,,,
345,Kilchberg,ZH,,,
346,Kleinandelfingen,ZH,,,
347,Richterswil,ZH,,,
348,Morges,VD,,,
349,"Granges-près-Marnand",VD,,,
350,"Le Lieu",VD,,,
351,Begnins,VD,,,
352,Avenches,VD,,,
353,Arzier,VD,,,
354,Crissier,VD,,,
355,Vladimir,Etranger,,,
356,Chexbres,VD,,,
357,Jongny,VD,,,
358,"Bière",VD,,,
359,Lucens,VD,,,
360,"Amillis, Seine-et-Marne",Etranger,,,
361,Cressier,NE,,,
362,Moudon,VD,,,
363,"Château-d'Oex",VD,,,
364,"Buenos Aires",Etranger,,,
365,Grasswil,BE,,,
366,"Ennetbühl SG",SG,,,
367,Krompach,Etranger,,,
368,Zoug,ZG,,,
369,Breslau,Etranger,,,
370,Merksem-Antwerpen,Etranger,,,
371,"Kirberg (Nassau)",Etranger,,,
372,"Poggio a Caiano",Etranger,,,
373,Providence,Etranger,,,
374,Teufen,AR,,,
375,Saint-Yrieix-la-Perche,Etranger,,,
376,Muri,AG,,,
377,Couvet,NE,,,
378,"Rio Novo (Brésil)",Etranger,,,
379,Arnsberg,Etranger,,,
380,Lauchhammer/Senftenberg,Etranger,,,
381,Lucerne,Lucerne,,,
382,Viganello,TI,,,
383,Croglio,TI,,,
384,Heemstede,Etranger,,,
385,Istanbul,Etranger,,,
386,Sullens,VD,,,
387,Rorbas,ZH,,,
388,"Männedorf",ZH,,,
389,Beggingen,SH,,,
390,"Berg am Irchel",ZH,,,
391,Regensberg,ZH,,,
392,Glattfelden,ZH,,,
393,Wallikon,ZH,,,
394,"Lienheim (Bade)",Etranger,,,
395,"Mümliswil-Ramiswil",SO,,,
396,"Gamshurst (Bade)",Etranger,,,
397,Dielsdorf,ZH,,,
398,Turbenthal,ZH,,,
399,Rapperswil,SG,,,
400,Bauma,ZH,,,
401,Stadel,ZH,,,
402,"Rümlang",ZH,,,
403,"Füssen",Etranger,,,
404,"Seegräben",ZH,,,
405,Burgdorf,BE,,,
406,Glaris,GL,,,
407,Bonneville,Etranger,,,
408,Kappel,SO,,,
409,Andelfingen,ZH,,,
410,Reute,AR,,,
411,Auvernier,NE,,,
412,"Champéry",VS,,,
413,Mettmenstetten,ZH,,,
414,Corbeyrier,VD,,,
415,Meyrin,GE,,,
416,Egelshofen,TG,,,
417,Oberuzwil,SG,,,
418,"Münchenbuchsee",BE,,,
419,Volken,ZH,,,
420,Maschwanden,ZH,,,
421,Biglen,BE,,,
422,"Germersheim (Palatinat bavarois, auj. Rhénanie Palatinat)",Etranger,,,
423,Feuerthalen,ZH,,,
424,Affeltrangen,TG,,,
425,Uhwiesen,ZH,,,
426,Flaach,ZH,,,
427,Hottingen-Zurich,ZH,,,
428,Hirzel,ZH,,,
429,Waltalingen,ZH,,,
430,Hersfeld,Etranger,,,
431,Wasterkingen,ZH,,,
432,Braunwald,GL,,,
433,Osterfingen,SH,,,
434,Jussy,GE,,,
435,"Lanzenmoos (comm. Fischenthal)",ZH,,,
436,Vordemwald,AG,,,
437,Langnau,BE,,,
438,Wattenwil,ZH,,,
439,Porrentruy,"JU (BE historique)",,,
440,Altnau,TG,,,
441,Arlesheim,BL,,,
442,"Copponex (Haute-Savoie)",Etranger,,,
443,Troinex,GE,,,
444,Villars-Mendraz,VD,,,
445,"Bülach",ZH,,,
446,"Würzburg",Etranger,,,
447,Unterstrass,ZH,,,
448,"Waldenburg (Saxe)",Etranger,,,
449,"Schaffhausen? Siblingen?",SH,,,
450,Saint-Julien-en-Genevois,Etranger,,,
451,Chicago,Etranger,,,
452,"Oberhofen bei Kreuzlingen",TG,,,
453,"Gross-Strehlitz (Silésie)",Etranger,,,
454,"Cannstatt (Wurtemberg)",Etranger,,,
455,Frick,AG,,,
456,Altdorf,UR,,,
457,Anet,BE,,,
458,"Feldbrunnen-Sankt Niklaus",SO,,,
459,Herrliberg,ZH,,,
460,Kyburg,ZH,,,
461,Stampa,GR,,,
462,Flawil,SG,,,
463,Wolfwil,SO,,,
464,Fahrwangen,AG,,,
465,Brugg,AG,,,
466,Ganterschwil,SG,,,
467,Bubendorf,BL,,,
468,Graz,Etranger,,,
469,"L'Isle",VD,,,
470,Kulmbach,Etranger,,,
471,Caluire-et-Cuire,Etranger,,,
472,Londres,Etranger,,,
473,"Annonay (Ardèche)",Etranger,,,
474,Pforzheim,Etranger,,,
475,"Hottingen (auj. Zurich)",ZH,,,
476,Langenthal,BE,,,
477,Heidelberg,Etranger,,,
478,Courtelary,BE,,,
479,Wattwil,SG,,,
480,Einsiedeln,SZ,,,
481,Murten,BE,,,
482,Mels,SG,,,
483,Hinwil,ZH,,,
484,Kehl-Kork,Etranger,,,
485,"Oberägeri",ZG,,,
486,Binzhou,Etranger,,,
487,"Schönenberg",ZH,,,
488,Schwytz,SZ,,,
489,Alvaneu,GR,,,
490,Casablanca,Etranger,,,
491,Munich,Etranger,,,
492,"Třinec",Etranger,,,
493,"Mitlödi",GL,,,
494,Eriswil,BE,,,
495,Zernez,GR,,,
496,"Emmendingen, Breisgau, Baden",Etranger,,,
497,Lennep,Etranger,,,
498,"Münchenstein",BL,,,
499,Presinge,GE,,,
500,Kerzers,FR,,,
501,Langenbruck,BL,,,
502,Kriens,LU,,,
503,Thoune,ZH,,,
504,"Wollishofen (auj. comm. Zurich)",ZH,,,
505,"Galaţi",Etranger,,,
506,Grandvaux,VD,,,
507,Froideville,VD,,,
508,"Le Fuet",BE,,,
509,Schwanden,GL,,,
510,"Pfäfers",SG,,,
511,Mulhouse,Etranger,,,
512,Croy,VD,,,
513,"Goumoëns",VD,,,
514,Bursins,VD,,,
515,Ouchy,VD,,,
516,Montheron,VD,,,
517,"L'Abbaye",VD,,,
518,Amsterdam,Etranger,,,
519,Versailles,Etranger,,,
520,Jassy,Etranger,,,
521,Edimbourg,Etranger,,,
522,"Quakenbrück",Etranger,,,
523,Osterode,Etranger,,,
524,Rothenfluh,BL,,,
525,"Münster",Etranger,,,
526,Frenkendorf,BL,,,
527,Grandval,BE,,,
528,Lons-le-Saunier,Etranger,,,
529,Davos,GR,,,
530,Coinsins,VD,,,
531,Neuilly-sur-Seine,Etranger,,,
532,Copenhague,Etranger,,,
533,Yverdon-les-Bains,VD,,,
534,Stockholm,Etranger,,,
535,Spreitenbach,AG,,,
536,Onex,GE,,,
537,Neydens,Etranger,,,
538,"Corcelles-près-Payerne",VD,,,
539,Wallisellen,ZH,,,
540,"Frankfurt (Oder)",Etranger,,,
541,"Uerikon Stäfa",ZH,,,
542,Unterhallau,SH,,,
543,Herrenhof,TG,,,
544,Vandoeuvres,GE,,,
545,Tannay,VD,,,
546,Avully,GE,,,
547,Gingins,VD,,,
548,Enge,ZH,,,
549,Koppigen,BE,,,
550,Diessenhofen,TG,,,
551,"Le Grand-Saconnex",GE,,,
552,"Schwarzenegg, Unterlangenegg",BE,,,
553,"Törbel",VS,,,
554,"Münster",VS,,,
555,Chamoson,VS,,,
556,Bramois,VS,,,
557,Oron,VD,,,
558,Bolligen,BE,,,
559,Eptingen,BL,,,
560,Heiligenschwendi,BE,,,
561,Villars-Bozon,VD,,,
562,Thun,BE,,,
563,Porrentruy,JU,,,
564,Hasle,LU,,,
565,Wittenbach,SG,,,
566,Boudry,NE,,,
567,Luchsingen,GL,,,
568,Fontainemelon,NE,,,
569,Saint-Aubin-Sauges,NE,,,
570,Perroy,VD,,,
571,Versoix,GE,,,
572,Collonge-Bellerive,GE,,,
573,"Chéserex",VD,,,
574,Saint-Livres,VD,,,
575,"Ellikon an der Thur",ZH,,,
576,Udine,Etranger,,,
577,"Los Angeles",Etranger,,,
578,Filderstadt,Etranger,,,
579,Cortaillod,NE,,,
580,"Baumgartenhof, comm. Bernardvillé (Alsace)",Etranger,,,
581,Heidenheim,Etranger,,,
582,Wittenwil,TG,,,
583,Silvaplana,GR,,,
584,Islikon,TG,,,
585,Azmoos,SG,,,
586,Tavannes,BE,,,
587,"Düsseldorf",Etranger,,,
588,Tramelan,BE,,,
589,"Bützberg",BE,,,
590,Bochum,Etranger,,,
591,Wartau,SG,,,
592,Ittigen,BE,,,
593,Brittnau,AG,,,
594,Biasca,TI,,,
595,"Kloster Serneus",GR,,,
596,Andiast,GR,,,
597,Meikirch,BE,,,
598,Romanshorn,TG,,,
599,"Palazzuolo di Romagna",Etranger,,,
600,"Le Châble",VS,,,
601,"Lengnau bei Biel",BE,,,
602,Wagenhausen,TG,,,
603,Dessau,Etranger,,,
604,Wipkingen,ZH,,,
605,Uettligen,BE,,,
606,"Aesch (LU)",LU,,,
607,Bossonnens,FR,,,
608,"Eschenbach (LU)",LU,,,
609,Aurigeno,TI,,,
610,Weimar,Etranger,,,
611,Glarisegg,TG,,,
612,Krauchtal,BE,,,
613,Bernrain,TG,,,
614,Castelrotto,TI,,,
615,"Ambrì",TI,,,
616,Contra,TI,,,
617,Muralto,TI,,,
618,"Le Châtelard",VD,,,
619,Brenles,VD,,,
620,Sumiswald,BE,,,
621,Courroux,BE,,,
622,"Roggwil BE",BE,,,
623,"Dättlikon",ZH,,,
624,"Altstätten",SG,,,
625,Reckingen,VS,,,
626,"Borken, Westfalen",Etranger,,,
627,Chieti,Etranger,,,
628,Lanciano,Etranger,,,
629,Villach,Etranger,,,
630,"Eisenharz (comm. Argenbühl dans l'Allgäu)",Etranger,,,
631,"Stellenbosch (Cap)",Etranger,,,
632,Huttwil,BE,,,
633,Bremen,Etranger,,,
634,Gansingen,AG,,,
635,Pompaples,VD,,,
636,Vaduz,Etranger,,,
637,Derby,Etranger,,,
638,"Möhlin",AG,,,
639,Buhl,Etranger,,,
640,"Zell (Bade)",Etranger,,,
641,"Töss",ZH,,,
642,Lutzenberg,AR,,,
643,Morat,FR,,,
644,"St Huberts",Etranger,,,
645,Provence,VD,,,
646,"Saint-Pétersbourg",Etranger,,,
647,Colmar,Etranger,,,
648,Pregny,GE,,,
649,Bachs,ZH,,,
650,"Schwanden bei Schüpfen",BE,,,
651,"San Francisco",Etranger,,,
652,Lenzburg,AG,,,
653,"Töss (auj. comm. Winterthour)",ZH,,,
654,Mollis,GL,,,
655,Montricher,VD,,,
656,Allahabad,Etranger,,,
657,"Ilsenburg am Harz",Etranger,,,
658,Cannes,Etranger,,,
659,Territet,VD,,,
660,Porrentruy,"BE (aujourd'hui JU)",,,
661,Dottikon,AG,,,
662,Wiesbaden,Etranger,,,
663,Argenteuil,Etranger,,,
664,"Les Bois","BE (aujourd'hui JU)",,,
665,Manille,Etranger,,,
666,Essen,Etranger,,,
667,Sempach,LU,,,
668,Bussnang,TG,,,
669,Dresden,Etranger,,,
670,Frankfurt,Etranger,,,
671,Latterbach,BE,,,
672,"Neustadt an der Weinstraße",Etranger,,,
673,"Münchwilen",TG,,,
674,Pockau,Etranger,,,
675,"Dübendorf",ZH,,,
676,"Täuffelen",BE,,,
677,"Le Creusot",Etranger,,,
678,Sagogn,GR,,,
679,Hamburg,Etranger,,,
680,S-chanf,GR,,,
681,"Bresse (Ain)",Etranger,,,
682,Oberwichtrach,BE,,,
683,"Foëcy",Etranger,,,
684,"Münchenstein",BS,,,
685,"La Lance",VD,,,
686,Rome,Etranger,,,
687,Breitenbach,SO,,,
688,Kreuzlingen,TG,,,
689,Ermatingen,TG,,,
690,Arona,Etranger,,,
691,Bargen,BE,,,
692,Pernambouc,Etranger,,,
693,Birsfelden,BL,,,
694,Steinach,SG,,,
695,Sent,GR,,,
696,Grellingen,BE,,,
697,Odessa,Etranger,,,
698,Buch,ZH,,,
699,Bucarest,Etranger,,,
700,Frutigen,BE,,,
701,Lonigo,Etranger,,,
702,Gand,Etranger,,,
703,Klingnau,AG,,,
704,"Le Landeron",NE,,,
705,"Aesch (BL)",BL,,,
706,Laufon,"BE (aujourd'hui BL)",,,
707,"Hätzingen",GL,,,
708,Bolken,SO,,,
709,Rheinfelden,AG,,,
710,Gonobitz,Etranger,,,
711,Farningham,Etranger,,,
712,Bruxelles,Etranger,,,
713,Waldenburg,BL,,,
714,Arrufo,Etranger,,,
715,"Wangen ZH",ZH,,,
716,Kaiseraugst,AG,,,
717,"Gümligen ?",BE,,,
718,Saint-Prex,VD,,,
719,Rothenthurm,SZ,,,
720,Courfaivre,"BE (aujourd'hui JU)",,,
721,"Catane (Sicile)",Etranger,,,
722,"La Croix-sur-Lutry ?",VD,,,
723,Vuarrens,VD,,,
724,Canton,Etranger,,,
725,"La Neuveville",BE,,,
726,Erlenbach,ZH,,,
727,Kleindietwil,BE,,,
728,Dornbirn,Etranger,,,
729,Soubey,BE,,,
730,Charleroi,Etranger,,,
731,Haifa,Etranger,,,
732,"Singen am Hohentwiel",Etranger,,,
733,"Lansing, (Michigan)",Etranger,,,
734,Boston,Etranger,,,
735,Choindez,BE,,,
736,"Reno (Nevada)",Etranger,,,
737,Wuppertal,Etranger,,,
738,Alger,Etranger,,,
739,Westhofen,Etranger,,,
740,Boulogne-Billancourt,Etranger,,,
741,Calestano,Etranger,,,
742,"Mörfelden",Etranger,,,
743,Ravensburg,Etranger,,,
744,Klagenfurt,Etranger,,,
745,Petit-Lancy,GE,,,
746,Mussoorie,Etranger,,,
747,Randogne,VS,,,
748,Chevrilles,FR,,,
749,Maputo,Etranger,,,
750,Nidau,BE,,,
751,"Wiler (Lötschen)",VS,,,
752,Karlsbad,Etranger,,,
753,Bonfol,"BE (aujourd'hui JU)",,,
754,Schwarzenburg,BE,,,
755,Horn,TG,,,
756,Kienberg,SO,,,
757,Novazzano,TI,,,
758,Niedererlinsbach,SO,,,
759,"Wangen an der Aare",BE,,,
760,Vicenza,Etranger,,,
761,Gossau,SG,,,
762,Jaun,FR,,,
763,"Berg (SG)",SG,,,
764,"Châtel-Saint-Denis",FR,,,
765,Soubey,"BE (aujourd'hui JU)",,,
766,Henau,SG,,,
767,Bassecourt,"BE (aujourd'hui JU)",,,
768,Moukden,Etranger,,,
769,Pfaffenhofen,Etranger,,,
770,"Lengnau (AG)",AG,,,
771,"Busswil bei Melchnau",BE,,,
772,"Saignelégier",BE,,,
773,Reinach,BL,,,
774,Rorschach,SG,,,
775,Niederurnen,GL,,,
776,"Busswil bei Büren",BE,,,
777,Epesses,VD,,,
778,Missy,VD,,,
779,Courrendlin,BE,,,
780,"Le Sentier (comm. du Chenit)",VD,,,
781,Lumino,TI,,,
782,"Sils im Domleschg",GR,,,
783,Varna,Etranger,,,
784,"Göschenen",UR,,,
785,Vernayaz,VS,,,
786,Oberhof,AG,,,
787,"Nilvange (Lorraine)",Etranger,,,
788,Saint-Moritz,GR,,,
789,"Kleinhüningen (auj. Bâle)",BS,,,
790,"Mühledorf SO",SO,,,
791,Juriens,VD,,,
792,Farnern,BE,,,
793,Muolen,SG,,,
794,Buchs,SG,,,
795,"Muri bei Bern",BE,,,
796,Uttiwil,FR,,,
797,Nutenwil,SG,,,
798,Albeuve,FR,,,
799,Fiesch,VS,,,
800,"Les Posses-Dessus",VD,,,
801,"Lörrach",Etranger,,,
802,Khotine,Etranger,,,
803,"Seedorf BE",BE,,,
804,Oberhallau,SH,,,
805,Augst,BL,,,
806,Saint-Brais,BE,,,
807,"Storzeln bei Binningen",Etranger,,,
808,Mettendorf,SG,,,
809,Balsthal,SO,,,
810,"Bôle",NE,,,
811,"Besenbüren",AG,,,
812,Tourtemagne,VS,,,
813,"Kurzdorf (auj. Frauenfeld)",TG,,,
814,"Pont d'Ain",Etranger,,,
815,Travers,NE,,,
816,Magdala,Etranger,,,
817,Barbengo,TI,,,
818,"Poissy (Ile-de-France)",Etranger,,,
819,Walkringen,BE,,,
820,"Oberhofen am Thunersee",BE,,,
821,Ragaz,SG,,,
822,Risch,ZG,,,
823,Ebikon,LU,,,
824,Hallau,SH,,,
825,"château de Sclassin (auj. comm. Pepinster, Belgique)",Etranger,,,
826,"Hub (comm. Busswil, auj. comm. Sirnach)",TG,,,
827,Altikon,ZH,,,
828,"Portsmouth (New Hampshire)",Etranger,,,
829,"Sonnenberg (Hefenhofen)",TG,,,
830,Hefenhofen,TG,,,
831,"Lieli (auj. com. Hohenrain)",LU,,,
832,"Hottingen (auj. comm. Zurich)",ZH,,,
833,Birmenstorf,AG,,,
834,Ennenda,GL,,,
835,Court,BE,,,
836,Sagno,TI,,,
837,Leipzig,Etranger,,,
838,"Eisenach (Thuringe)",Etranger,,,
839,Martigny-Bourg,VS,,,
840,Steinmaur,ZH,,,
841,"Anzin (Nord-Pas-de-Calais)",Etranger,,,
842,"Breitenwang (Tyrol)",Etranger,,,
843,Colombier,NE,,,
844,"Lons-le-Saunier (Jura)",Etranger,,,
845,Fontaines,NE,,,
846,"Steinegg (comm. Rüte)",AI,,,
847,Rheineck,SG,,,
848,Jonen,AG,,,
849,"Brombach (Bade)",Etranger,,,
850,Nottwil,LU,,,
851,Jegenstorf,BE,,,
852,Merishausen,SH,,,
853,"Gwatt (auj. comm. Thoune)",BE,,,
854,Witebsk,Etranger,,,
855,Bischofszell,TG,,,
856,Murgenthal,AG,,,
857,Uttigen,BE,,,
858,Ardon,VS,,,
859,"L'Orient",VD,,,
860,"Roche (VD)",VD,,,
861,Achalkalaki,Etranger,,,
862,Jouxtens,VD,,,
863,Utzenstorf,BE,,,
864,Vuibroye,VD,,,
865,Adliswil,ZH,,,
866,"Ecublens (VD)",VD,,,
867,"Hennens (auj. comm. Billens-Hennens)",FR,,,
868,Linthal,GL,,,
869,Bagnes/Champsec,VS,,,
870,Netstal,GL,,,
871,Disentis,GR,,,
872,Lutterbach,Etranger,,,
873,Bedretto,TI,,,
874,Neunkirch,SH,,,
875,Deitingen,SO,,,
876,Kamenz,Etranger,,,
877,Belp,BE,,,
878,"Eschenbach (SG)",SG,,,
879,Reichenburg,SZ,,,
880,Uzwil,SG,,,
881,Niederscherli,BE,,,
882,Confignon,GE,,,
883,"Wangen SZ",SZ,,,
884,Saint-Ursanne,JU,,,
885,Schwyz,SZ,,,
886,Osogna,TI,,,
887,Gilly,VD,,,
888,Aarburg,AG,,,
889,Menzingen,ZG,,,
890,"Gleiwitz (Silésie, aujourd'hui Pologne)",Etranger,,,
891,Greifswald,Etranger,,,
892,Lachen,SZ,,,
893,Caravaggio,Etranger,,,
894,"Zollbrück",BE,,,
895,Bandung,Etranger,,,
896,"Téhéran",Etranger,,,
897,Baltimore,Etranger,,,
898,"Hong Kong",Etranger,,,
899,"Kleinsteinlohe (Bavière)",Etranger,,,
900,Daillens,VD,,,
901,Buchs,AG,,,
902,Metz,Etranger,,,
903,Freudenstadt,Etranger,,,
904,"Brest (Finistère)",Etranger,,,
905,"Görz (A, auj. I)",Etranger,,,
906,Bade,Etranger,,,
907,Eschenz,TG,,,
908,"Santa Maria del Molise",Etranger,,,
909,"Kirchberg TG",TG,,,
910,Brooklyn,Etranger,,,
911,Wynau,BE,,,
912,"Offenburg (Bade)",Etranger,,,
913,Mannheim,Etranger,,,
914,Wengen,BE,,,
915,Porrentruy,BE,,,
916,"Seewis im Prättigau",GR,,,
917,"Sèvres",Etranger,,,
918,Celerina,GR,,,
919,Vienne,Etranger,,,
920,Newstead,Etranger,,,
921,"Fürstenau",GR,,,
922,Florence,Etranger,,,
923,Asuel,JU,,,
924,Hauteville,FR,,,
925,Bennwil,BL,,,
926,"Hanau (Hesse)",Etranger,,,
927,Constance,Etranger,,,
928,"Le Havre",Etranger,,,
929,"Gualeguaychú",Etranger,,,
930,Vlissingen,Etranger,,,
931,"Sâles (Gruyère)",FR,,,
932,Basadingen,TG,,,
933,Morrens,VD,,,
934,Saanen,BE,,,
935,Hergiswil,NW,,,
936,Saint-Gall,SO,,,
937,"Chougny Vandoeuvres",GE,,,
938,"La Vernaz (Haute-Savoie)",Etranger,,,
939,Besazio,TI,,,
940,"Wesserling (Alsace)",Etranger,,,
941,"Thônex",GE,,,
942,Vufflens,VD,,,
943,Pest,Etranger,,,
944,Allaman,VD,,,
945,"Prarustin (Piémont)",Etranger,,,
946,Sierne,GE,,,
947,Wesserling,Etranger,,,
948,"Montauban (Tarn et Garonne)",Etranger,,,
949,Ipswich,Etranger,,,
950,Dully,VD,,,
951,"Mauriac (Auvergne)",Etranger,,,
952,"Lüdenscheid",Etranger,,,
953,"Riva San Vitale",TI,,,
954,"Schönenbuch",BL,,,
955,"Malix (auj. comm. Churwalden)",GR,,,
956,Venise,Etranger,,,
957,Schleumen,BE,,,
958,"Ettlingen bei Karlsruhe",Etranger,,,
959,Saint-Maurice,VS,,,
960,Paradiso,TI,,,
961,Gelfingen,LU,,,
962,Buttes,NE,,,
963,Windig,FR,,,
964,Rarogne,VS,,,
965,Corcelles,BE,,,
966,Uznach,SG,,,
967,Veringendorf,Etranger,,,
968,Interlaken,BE,,,
969,"Wil bei Rafz",ZH,,,
970,Uppsala,Etranger,,,
971,Rafz,ZH,,,
972,Diesse,BE,,,
973,Sils-Baselgia,GR,,,
974,"Corgémont",BE,,,
975,Martigny,VS,,,
976,"Palmyra (Illinois)",Etranger,,,
977,Magden,AG,,,
978,Boncourt,BE,,,
979,"Stäfa",ZH,,,
980,"Dägerlen",ZH,,,
981,Reconvilier,BE,,,
982,Courtedoux,BE,,,
983,"Riken (auj. comm. Murgenthal)",AG,,,
984,Treyvaux,FR,,,
985,Aadorferfeld-Elgg,ZH,,,
986,Domdidier,FR,,,
987,"Büren (NW)",NW,,,
988,Ibach,SZ,,,
989,Cheiry,FR,,,
990,Alterswil,FR,,,
991,Estavayer-le-Lac,FR,,,
992,Guin,FR,,,
993,"Näfels",GL,,,
994,"Schlatt AI",AI,,,
995,Herblingen,SH,,,
996,Ingenbohl,SZ,,,
997,Arth,SZ,,,
998,Nunningen,SO,,,
999,"Neuhausen am Rheinfall",SH,,,
1000,Losheim,Etranger,,,
1001,Bratislava,Etranger,,,
1002,"Tour-de-Trême",FR,,,
1003,Lussenga,Etranger,,,
1004,"San Nazzaro",TI,,,
1005,St-Blasien,Etranger,,,
1006,"Edimbourg (Ecosse)",Etranger,,,
1007,Gontenschwil,AG,,,
1008,Roveredo,GR,,,
1009,Ljubljana,Etranger,,,
1010,"Sulz am Neckar",Etranger,,,
1011,Scuol,GR,,,
1012,Wolfenschiessen,NW,,,
1013,Rastatt,Etranger,,,
1014,Johannesburg,Etranger,,,
1015,"Bad Homburg",Etranger,,,
1016,Degersheim,SG,,,
1017,Rorschacherberg,SG,,,
1018,Jestetten,Etranger,,,
1019,Pfaffnau,LU,,,
1020,Trondheim,Etranger,,,
1021,Buffalo,Etranger,,,
1022,Cuijk,Etranger,,,
1023,Tiaret,Etranger,,,
1024,Urbana,Etranger,,,
1025,Harsefeld,Etranger,,,
1026,Libourne,Etranger,,,
1027,"Washington, D.C.",Etranger,,,
1028,Riga,Etranger,,,
1029,"Swinemünde, Usedom",Etranger,,,
1030,Surbiton,Etranger,,,
1031,"Walnut Creek, California",Etranger,,,
1032,Zermatt,VS,,,
1033,"Bergisch Gladbach",Etranger,,,
1034,Delhi,Etranger,,,
1035,"Windsor (Ontario)",Etranger,,,
1036,Seattle,Etranger,,,
1037,"Detroit (Michigan)",Etranger,,,
1038,Pau,Etranger,,,
1039,"Fürstenwalde/Spree",Etranger,,,
1040,Pescara,Etranger,,,
1041,Menziken,AG,,,
1042,Pennsylvania,Etranger,,,
1043,"Erlenbach am Main",Etranger,,,
1044,Guildford,Etranger,,,
1045,Rehau,Etranger,,,
1046,Wilhelmshaven,Etranger,,,
1047,Nedroma,Etranger,,,
1048,Mainz,Etranger,,,
1049,"São João de Loure",Etranger,,,
1050,Gliwice,Etranger,,,
1051,Niederlandisch,BE,,,
1052,Bregenz,Etranger,,,
1053,Kaufbeuren,Etranger,,,
1054,Schaan,Etranger,,,
1055,Luxembourg,Etranger,,,
1056,Cheseaux-sur-Lausanne,VD,,,
1057,Bennwil,Etranger,,,
1058,Charmey,FR,,,
1059,"Büdingen, (Hesse)",Etranger,,,
1060,"Mérida",Etranger,,,
1061,"Silésie",Etranger,,,
1062,Divonne,Etranger,,,
1063,"Soultz (Haut-Rhin)",Etranger,,,
1064,Rouen,Etranger,,,
1065,"Hirschberg (Basse-Silésie)",Etranger,,,
1066,Wilchingen,SH,,,
1067,"Oberfischach (Württemberg)",Etranger,,,
1068,Cali,Etranger,,,
1069,Schaffhausen,SO,,,
1070,"Saint-Raphaël",Etranger,,,
1071,Winterberg,ZH,,,
1072,Tertre,Etranger,,,
1073,Meissen,Etranger,,,
1074,Bergame,Etranger,,,
1075,Kassel,Etranger,,,
1076,Dorpat,Etranger,,,
1077,Toulouse,Etranger,,,
1078,"Schwäbisch Gmünd",Etranger,,,
1079,Hanovre,Etranger,,,
1080,"Tobolsk (Sibérie)",Etranger,,,
1081,Stallupoenen,Etranger,,,
1082,Frascati,Etranger,,,
1083,"Léogeats (Aquitaine)",Etranger,,,
1084,Duillier,VD,,,
1085,"Quintin (Côtes-d'Armor)",Etranger,,,
1086,"Angers (Maine-et-Loire)",Etranger,,,
1087,Lombeek-Notre-Dame,Etranger,,,
1088,"Königsberg (auj. Kaliningrad)",Etranger,,,
1089,"Märwil (auj. comm. Affeltrangen)",TG,,,
1090,"Les Brenets",NE,,,
1091,Renan,BE,,,
1092,Berndorf,Etranger,,,
1093,Bunziwil,FR,,,
1094,"Brandenburg, Schleswig",Etranger,,,
1095,Liegnitz,Etranger,,,
1096,Fulda,Etranger,,,
1097,"Pöllau (Steiermark)",Etranger,,,
1098,"Holzheim (Bavière)",Etranger,,,
1099,Drahan,Etranger,,,
1100,"Milie (Bukowina) (auj. Ukraine)",Etranger,,,
1101,"Pörtschach am Wörthersee",Etranger,,,
1102,Moguilev,Etranger,,,
1103,"(New Orleans)",Etranger,,,
1104,Oppeln,Etranger,,,
1105,"Reichenbach im Vogtland",Etranger,,,
1106,Telsze,Etranger,,,
1107,"Heilsberg (auj. Lidzbark Warmiński)",Etranger,,,
1108,Zaukerode,Etranger,,,
1109,"Jätzdorf",Etranger,,,
1110,"Uerzig sur la Moselle",Etranger,,,
1111,"Erdobénye",Etranger,,,
1112,"Liptószentmiklós",Etranger,,,
1113,Pettau,Etranger,,,
1114,"Kaldenkirchen (Rhénanie-du-Nord-Westphalie)",Etranger,,,
1115,Dubrovna,Etranger,,,
1116,"L'Aquila (Abruzzes)",Etranger,,,
1117,"Vilémov",Etranger,,,
1118,"Neunkirchen (Trier)",Etranger,,,
1119,"Buchs (LU)",LU,,,
1120,Sisseln,AG,,,
1121,"Técső",Etranger,,,
1122,Linz,Etranger,,,
1123,"Geislingen an der Steige (Baden-Würtenberg)",Etranger,,,
1124,Attelwil,AG,,,
1125,Bibersfeld,Etranger,,,
1126,Barmen,Etranger,,,
1127,Bruneck,Etranger,,,
1128,Piovene,Etranger,,,
1129,"Reising / Bayer",Etranger,,,
1130,Rovigo,Etranger,,,
1131,"Samiano (Burgos)",Etranger,,,
1132,"Lobberich (Rhénanie-du-Nord-Westphalie)",Etranger,,,
1133,Beckenried,NW,,,
1134,"Walldürn",Etranger,,,
1135,"L'Etivaz",VD,,,
1136,Sonvilier,BE,,,
1137,"La Brévine",NE,,,
1138,Sigriswil,BE,,,
1139,Marin,NE,,,
1140,"Jüterbog",Etranger,,,
1141,Kemptthal,ZH,,,
1142,Burg,AG,,,
1143,"Strättligen",BE,,,
1144,Riesbach,ZH,,,
1145,"Stadtlauringen (Bavière)",Etranger,,,
1146,Wloclawek,Etranger,,,
1147,Oberriet,SG,,,
1148,Vukovar,Etranger,,,
1149,Broglio,TI,,,
1150,Trier,Etranger,,,
1151,"Le Solliat",VD,,,
1152,Tiflis,Etranger,,,
1153,Waldau,Etranger,,,
1154,Bogota,Etranger,,,
1155,"Münster (Westphalie)",Etranger,,,
1156,Gleiwitz,Etranger,,,
1157,"Czuszów",Etranger,,,
1158,"Salon-de-Provence (Bouches du Rhône)",Etranger,,,
1159,"Sankt Chrischona",BS,,,
1160,Peseux,NE,,,
1161,"Weiningen TG",TG,,,
1162,Weinheim,Etranger,,,
1163,"Pfullendorf (Baden)",Etranger,,,
1164,Beuthen,Etranger,,,
1165,"Dorville (Guadeloupe)",Etranger,,,
1166,"Oldenburg (Basse-Saxe)",Etranger,,,
1167,"Guntur (Andhra)",Etranger,,,
1168,Magdeburg,Etranger,,,
1169,Kaltenbach,TG,,,
1170,Neuravensburg,Etranger,,,
1171,Coligny,Etranger,,,
1172,Torhout,Etranger,,,
1173,Frankenstein,Etranger,,,
1174,Nysa,Etranger,,,
1175,"Santiago de Chile",Etranger,,,
1176,Thielle-Wavre,NE,,,
1177,Thusis,GR,,,
1178,Verviers,Etranger,,,
1179,Bussum,Etranger,,,
1180,Weisslingen,ZH,,,
1181,"Surakarta (Java)",Etranger,,,
1182,"Gyéres",Etranger,,,
1183,Mascara,Etranger,,,
1184,"Söderhamn",Etranger,,,
1185,Gelterkinden,BL,,,
1186,Mazatenango,Etranger,,,
1187,Steckborn,TG,,,
1188,Lindau,ZH,,,
1189,"Hove Sussex",Etranger,,,
1190,Anvers,Etranger,,,
1191,"Fritzlar (Hesse)",Etranger,,,
1192,Perrefitte,BE,,,
1193,Oviedo,Etranger,,,
1194,Lisieux,Etranger,,,
1195,"Marbach SG",SG,,,
1196,"Bruxelles-Schærbeek",Etranger,,,
1197,Romanel-sur-Lausanne,VD,,,
1198,"Lübbecke",Etranger,,,
1199,Gottesberg,Etranger,,,
1200,"Mons-en-Baroeul (Nord-Pas-de-Calais)",Etranger,,,
1201,Rovio,TI,,,
1202,"Ciudad de Rio, Cordoba",Etranger,,,
1203,Masulipatam,Etranger,,,
1204,"Montceau-les-Mines, Saône-et-Loire",Etranger,,,
1205,Ecoteaux,VD,,,
1206,"Chrzanów, Oberschlesien",Etranger,,,
1207,Abadan,Etranger,,,
1208,Glasgow,Etranger,,,
1209,Mesocco,GR,,,
1210,"Sankt Margrethen",SG,,,
1211,Affoltern,ZH,,,
1212,Bronschhofen,SG,,,
1213,Genolier,VD,,,
1214,"Vieux-Thann (Alsace)",Etranger,,,
1215,Villefranche-sur-Mer,Etranger,,,
1216,Brno,Etranger,,,
1217,Develier,BE,,,
1218,Douanne-Twann,BE,,,
1219,"Megève (Haute-Savoie)",Etranger,,,
1220,Quedlinburg,Etranger,,,
1221,Thayngen,SH,,,
1222,Banjarmasin,Etranger,,,
1223,"Mülheim an der Ruhr",Etranger,,,
1224,Oldenburg,Etranger,,,
1225,Pezinok,Etranger,,,
1226,Friedrichshafen,Etranger,,,
1227,Mardin,Etranger,,,
1228,Lviv,Etranger,,,
1229,Mogelsberg,SG,,,
1230,"Birchanger, Essex",Etranger,,,
1231,Czestochowa,Etranger,,,
1232,"Gruyères",FR,,,
1233,"Münstertal",Etranger,,,
1234,"Königsberg",Etranger,,,
1235,Renens,VD,,,
1236,Dumyat,Etranger,,,
1237,Oberleutensdorf,Etranger,,,
1238,"Grünenmatt",BE,,,
1239,"Münsingen",BE,,,
1240,"Sünikon",ZH,,,
1241,Oberdiessbach,BE,,,
1242,"San Giovanni Incarico",Etranger,,,
1243,"Rivoli (Turin)",Etranger,,,
1244,"Liège",Etranger,,,
1245,"Abaeté",Etranger,,,
1246,"Le Cerneux-Péquignot",NE,,,
1247,Chiasso,TI,,,
1248,"Kecskemét",Etranger,,,
1249,Egg,ZH,,,
1250,Buix,BE,,,
1251,"Kirchdorf an der Krems",Etranger,,,
1252,Strem,Etranger,,,
1253,"Reichenberg (Liberec)",Etranger,,,
1254,Hamm,Etranger,,,
1255,Vlastislav,Etranger,,,
1256,"Offenbach am Main",Etranger,,,
1257,"Brême",Etranger,,,
1258,Raettvik,Etranger,,,
1259,"Teplitz-Schönau",Etranger,,,
1260,Nittenau,Etranger,,,
1261,Bordighera,Etranger,,,
1262,"Böhmisch Budweis",Etranger,,,
1263,Rostock,Etranger,,,
1264,"Newcastle upon Tyne",Etranger,,,
1265,Augsburg,Etranger,,,
1266,Cardiff,Etranger,,,
1267,Clarens-sur-Montreux,VD,,,
1268,"Epinal, Vosges",Etranger,,,
1269,Bremgarten,AG,,,
1270,Tarente,Etranger,,,
1271,"Bezau (Vorarlberg)",Etranger,,,
1272,Oberkirch,LU,,,
1273,"Bagnères de Bigorre",Etranger,,,
1274,"Bad Säckingen",Etranger,,,
1275,Corleone,Etranger,,,
1276,Sofia,Etranger,,,
1277,Poitiers,Etranger,,,
1278,Ulm,Etranger,,,
1279,"Le Cap",Etranger,,,
1280,"Münsterlingen",TG,,,
1281,Rain,LU,,,
1282,Forbach,Etranger,,,
1283,Sittard,Etranger,,,
1284,Limbus,Etranger,,,
1285,Lahore,Etranger,,,
1286,"Weissenbach an der Enns",Etranger,,,
1287,Dettwiller,Etranger,,,
1288,Donatyre,VD,,,
1289,Lund,Etranger,,,
1290,Deesen/Westerwald,Etranger,,,
1291,Paris,VD,,,
1292,Chercenay,BE,,,
1293,Abiada,Etranger,,,
1294,Willisau,LU,,,
1295,"Weidenau (Siegen)",Etranger,,,
1296,Stondon,Etranger,,,
1297,"Rendsburg (Schleswig-Holstein)",Etranger,,,
1298,"Quesitz bei Leipzig",Etranger,,,
1299,Horb-Nordstetten,Etranger,,,
1300,Jablonec/Gablonz,Etranger,,,
1301,Helsinki,Etranger,,,
1302,"Pötzling (Landkreis Nürnberg)",Etranger,,,
1303,"Wilmington, Delaware",Etranger,,,
1304,"Berchtesgaden (Bavière)",Etranger,,,
1305,Bombay,Etranger,,,
1306,"Liebenwalde (Kreis Niederbarnim)",Etranger,,,
1307,"Easton (Pennsylvanie)",Etranger,,,
1308,Pittsburgh,Etranger,,,
1309,Taormina,Etranger,,,
1310,"Saint Louis",Etranger,,,
1311,Courgenay,BE,,,
1312,Schwerzenbach,ZH,,,
1313,Naumburg,Etranger,,,
1314,"Hannoversch Münden (Niedersachsen)",Etranger,,,
1315,Domodossola,Etranger,,,
1316,"Västeras",Etranger,,,
1317,Havane,Etranger,,,
1318,"Köthen (Anhalt)",Etranger,,,
1319,Penzance,Etranger,,,
1320,Godesberg,Etranger,,,
1321,Hirschberg,Etranger,,,
1322,Bamberg,Etranger,,,
1323,"Corvallis (Oregon)",Etranger,,,
1324,Leuggern,AG,,,
1325,Zagreb,Etranger,,,
1326,Vrin,GR,,,
1327,"Lobenstein Thüringen",Etranger,,,
1328,Potsdam,Etranger,,,
1329,"North Olmsted",Etranger,,,
1330,Goldach,SG,,,
1331,Tschierv,GR,,,
1332,Stettin,Etranger,,,
1333,Bari,Etranger,,,
1334,Bonfol,BE,,,
1335,Clermont-Ferrand,Etranger,,,
1336,"Long Branch, N.J.",Etranger,,,
1337,"Poiana Maggiore (Veneto)",Etranger,,,
1338,Moscice,Etranger,,,
1339,"Royan, Charente-Maritime",Etranger,,,
1340,Perugia,Etranger,,,
1341,Rinteln,Etranger,,,
1342,Giswil,OW,,,
1343,Bielitz,Etranger,,,
1344,"Bingen am Rhein",Etranger,,,
1345,Brunswick,Etranger,,,
1346,Cuxhaven,Etranger,,,
1347,Hermsdorf,Etranger,,,
1348,"Klein-Eichstedt (Sachsen)",Etranger,,,
1349,Laukischken,Etranger,,,
1350,"Ludwigsburg (Württemberg)",Etranger,,,
1351,Elmshorn,Etranger,,,
1352,Ernstthal,Etranger,,,
1353,"Reutlingen (Württemberg)",Etranger,,,
1354,Schreiberhau,Etranger,,,
1355,Hauerz,Etranger,,,
1356,Hohenrechberg,Etranger,,,
1357,"Homburg vor der Höhe",Etranger,,,
1358,Kirch-Beerfurth,Etranger,,,
1359,"Köslin",Etranger,,,
1360,Coquimbo,Etranger,,,
1361,Halle,Etranger,,,
1362,Marienwerder,Etranger,,,
1363,Montjoie,Etranger,,,
1364,Schwerin,Etranger,,,
1365,Stralsund,Etranger,,,
1366,"Wertheim am Main",Etranger,,,
1367,Bath,Etranger,,,
1368,"Mödling",Etranger,,,
1369,"Vöcklabruck",Etranger,,,
1370,Avranches,Etranger,,,
1371,Gasny,Etranger,,,
1372,"Ribérac",Etranger,,,
1373,Salins,VS,,,
1374,"Wasselheim (Alsace)",Etranger,,,
1375,Messina,Etranger,,,
1376,"Morra De Sanctis",Etranger,,,
1377,Strassburg,Etranger,,,
1378,Oslo,Etranger,,,
1379,Alexoten,Etranger,,,
1380,"Le Caire",Etranger,,,
1381,Neuhof,AG,,,
1382,Knonau,ZH,,,
1383,Laibach,Etranger,,,
1384,Grandson,VD,,,
1385,Nods,BE,,,
1386,"Oberstrass-Zürich",ZH,,,
1387,Odrau,Etranger,,,
1388,Ormont-Dessus,VD,,,
1389,Rapperswil-Dieterswil,BE,,,
1390,Sargans,SG,,,
1391,"Brünn",Etranger,,,
1392,Seen-Winterthur,ZH,,,
1393,"Töss-Winterthur",ZH,,,
1394,Triengen,LU,,,
1395,"Pápa",Etranger,,,
1396,Montabaur,Etranger,,,
1397,Parme,Etranger,,,
1398,Carthaus,Etranger,,,
1399,Katwijk,Etranger,,,
1400,Evreux,Etranger,,,
1401,"Praz (Vully)",FR,,,
1402,"Mazet-Saint-Voy, Haute-Loire",Etranger,,,
1403,Courchavon,BE,,,
1404,"Carpentras, Vaucluse",Etranger,,,
1405,"Breslau / Schlesien",Etranger,,,
1406,"Pranles, Ardèche",Etranger,,,
1407,"Aubagne, Bouches-du-Rhône",Etranger,,,
1408,"Osnabrück",Etranger,,,
1409,Bourges,Etranger,,,
1410,"Port-Saïd",Etranger,,,
1411,Corban,BE,,,
1412,Kaboul,Etranger,,,
1413,Tortona,Etranger,,,
1414,"Tlemçen",Etranger,,,
1415,Mostaganem,Etranger,,,
1416,"Helmstedt, Niedersachsen",Etranger,,,
1417,"Seltmans, Bavière",Etranger,,,
1418,"Köln",Etranger,,,
1419,Ahaus,Etranger,,,
1420,Guben,Etranger,,,
1421,Neuss,Etranger,,,
1422,"Weil am Rhein",Etranger,,,
1423,"Haslach im Kinzigtal",Etranger,,,
1424,"Mährisch Schönberg",Etranger,,,
1425,"Tüllingen",Etranger,,,
1426,Celle,Etranger,,,
1427,"Waldbröl",Etranger,,,
1428,"Wasserburg am Inn",Etranger,,,
1429,Moenchengladbach,Etranger,,,
1430,Dunedoo,Etranger,,,
1431,Uccle,Etranger,,,
1432,Aubange,Etranger,,,
1433,Namur,Etranger,,,
1434,Zottegem,Etranger,,,
1435,Batak,Etranger,,,
1436,Ouagadougou,Etranger,,,
1437,"LaSalle QC",Etranger,,,
1438,Seoul,Etranger,,,
1439,Valladolid,Etranger,,,
1440,"Hoboken (New Jersey)",Etranger,,,
1441,(Ohio),Etranger,,,
1442,Espoo,Etranger,,,
1443,Vantaa,Etranger,,,
1444,Rovaniemi,Etranger,,,
1445,"Chaux, Haute-Saône",Etranger,,,
1446,"Ambilly, Haute-Savoie",Etranger,,,
1447,Oyonnax,Etranger,,,
1448,Perpignan,Etranger,,,
1449,Thionville,Etranger,,,
1450,Carcassonne,Etranger,,,
1451,Pierrecourt,Etranger,,,
1452,"Pont-à-Mousson",Etranger,,,
1453,"Neuvic sur Isle, Dordogne",Etranger,,,
1454,Rennes,Etranger,,,
1455,Scarborough,Etranger,,,
1456,Nelson,Etranger,,,
1457,Thessalonique,Etranger,,,
1458,Debrecen,Etranger,,,
1459,Padoue,Etranger,,,
1460,Trento,Etranger,,,
1461,Camino,Etranger,,,
1462,Bologne,Etranger,,,
1463,Viareggio,Etranger,,,
1464,Boujad,Etranger,,,
1465,Dortmund,Etranger,,,
1466,Haarlem,Etranger,,,
1467,Lima,Etranger,,,
1468,Belgrade,Etranger,,,
1469,Hsin-Chu,Etranger,,,
1470,Cerna,Etranger,,,
1471,Kante,Etranger,,,
1472,Bizerte,Etranger,,,
1473,Ksar-Hellal,Etranger,,,
1474,"Da Nang",Etranger,,,
1475,"Mexico City",Etranger,,,
1476,"New Haven, Connecticut",Etranger,,,
1477,Ruhengeri,Etranger,,,
1478,Annecy,Etranger,,,
1479,Pfeffikon,LU,,,
1480,"Vésenex-Crassy (Ain)",Etranger,,,
1481,"Gühlitz près Perleberg (Prusse)",Etranger,,,
1482,"Mühledorf BE",BE,,,
1483,Evian-les-Bains,Etranger,,,
1484,"Beinwil am See",AG,,,
1485,Ramsen,SH,,,
1486,Jena,Etranger,,,
1487,Maastricht,Etranger,,,
1488,Meran,Etranger,,,
1489,Gronau,Etranger,,,
1490,Laufenburg,AG,,,
1491,"Altenkirchen (Bayern)",Etranger,,,
1492,"Civitella del Tronto bei Ascoli Piceno",Etranger,,,
1493,Bergzabern,Etranger,,,
1494,Minneapolis,Etranger,,,
1495,Oberkassel,Etranger,,,
1496,Wischau,Etranger,,,
1497,Agon,Etranger,,,
1498,"Samolenz (Posen)",Etranger,,,
1499,"Düren",Etranger,,,
1500,Zimmerwald,BE,,,
1501,Brody,Etranger,,,
1502,Grimisuat,VS,,,
1503,Guadeloupe,Etranger,,,
1504,"Wangen am Untersee",Etranger,,,
1505,"Ràbacsécsény",Etranger,,,
1506,Solothurn,SO,,,
1507,Mstislaw,Etranger,,,
1508,Felben,TG,,,
1509,"Wrocław",Etranger,,,
1510,Sochi,Etranger,,,
1511,Nicosia,Etranger,,,
1512,"Ancône",Etranger,,,
1513,"San Daniele del Friuli",Etranger,,,
1514,"Bačko Petrovo Selo",Etranger,,,
1515,Gretzenbach,SO,,,
1516,Illhart,TG,,,
1517,Tokyo,Etranger,,,
1518,Bernkastel-Kues,Etranger,,,
1519,Novara,Etranger,,,
1520,Sora,Etranger,,,
1521,"Charleston (West Virginia)",Etranger,,,
1522,Ottawa,Etranger,,,
1523,Hangzhou,Etranger,,,
1524,"Wölflinswil",AG,,,
1525,Porrentruy,Berne,,,
1526,Hettlingen,ZH,,,
1527,"Loèche-Les-Bains",VS,,,
1528,Wiliberg,AG,,,
1529,"Vufflens-le-Château",VD,,,
1530,Singapour,Etranger,,,
1531,Santiago,Etranger,,,
1532,Neu-Ulm,Etranger,,,
1533,Modesto,Etranger,,,
1534,"Alahärmä",Etranger,,,
1535,Pont-Sainte-Maxence,Etranger,,,
1536,Bangalore,Etranger,,,
1537,Nidda,Etranger,,,
1538,Quito,Etranger,,,
1539,Newark,Etranger,,,
1540,Meknes,Etranger,,,
1541,Lisbonne,Etranger,,,
1542,Nashville,Etranger,,,
1543,Addis-Abeba,Etranger,,,
1544,Aalen,Etranger,,,
1545,"King's Lynn",Etranger,,,
1546,Solingen,Etranger,,,
1547,Grabs,SG,,,
1548,Trutnov,Etranger,,,
1549,Hazaribagh,Etranger,,,
1550,Bussigny-sur-Oron,VD,,,
1551,Zumikon,ZH,,,
1552,Zullwil,SO,,,
1553,Gloucestershire,Etranger,,,
1554,Windisch,AG,,,
1555,"Donauwörth",Etranger,,,
1556,Koblenz,Etranger,,,
1557,Sarajevo,Etranger,,,
1558,Ennetbaden,AG,,,
1559,"Les Pâquis",GE,,,
1560,Aarberg,BE,,,
1561,Prilly,VD,,,
1562,Riaz,Etranger,,,
1563,Penthalaz,VD,,,
1564,Wiedikon,ZH,,,
1565,"Hochheim am Main",Etranger,,,
1566,Tailfingen,Etranger,,,
1567,Carinthia,Etranger,,,
1568,Salzbourg,Etranger,,,
1569,Innsbruck,Etranger,,,
1570,Hudiksvall,Etranger,,,
1571,"Le Chenit",VD,,,
1572,Marburg,Etranger,,,
1573,Bois-Colombes,Etranger,,,
1574,Chessel,VD,,,
1575,Pozzuolo,Etranger,,,
1576,Bagheria,Etranger,,,
1577,Belfaux,FR,,,
1578,St-Cergue,VD,,,
1579,Neuhausen,SH,,,
1580,"Yens sur Morges",VD,,,
1581,Vucherens,VD,,,
1582,"Les Sciernes d'Albeuve",FR,,,
1583,Saint-Quentin,Etranger,,,
1584,Chavannes-le-Veyron,VD,,,
1585,Yvonand,VD,,,
1586,Meyriez,FR,,,
1587,Ballens,VD,,,
1588,Gersau,SZ,,,
1589,Salquenen,VS,,,
1590,Fontainebrux,Etranger,,,
1591,Hefenhausen,TG,,,
1592,Chesalles-sur-Oron,VD,,,
1593,Thierrens,VD,,,
1594,Avry-sur-Matran,FR,,,
1595,Ollon,VD,,,
1596,Esmonts,FR,,,
1597,"Ferrières sur Annecy",Etranger,,,
1598,Cossonay,VD,,,
1599,Chaves,Etranger,,,
1600,Leysin,VD,,,
1601,Charrat,VS,,,
1602,Vernand-Dessous,VD,,,
1603,Vernand-Dessus,VD,,,
1604,Zell,LU,,,
1605,St-Andrew,Etranger,,,
1606,Lavey,VD,,,
1607,"Le Brassus",VD,,,
1608,"Créteil",Etranger,,,
1609,"Ecublens (FR)",FR,,,
1610,Peyres-Possens,VD,,,
1611,Syens,VD,,,
1612,"Les Charbonnières",VD,,,
1613,Washington,Etranger,,,
1614,"Varennes-lès-Nevers",Etranger,,,
1615,Baulmes,VD,,,
1616,Lille,Etranger,,,
1617,"Oron-le-Châtel",VD,,,
1618,Medellin,Etranger,,,
1619,Hanoi,Etranger,,,
1620,"Châteauroux",Etranger,,,
1621,"Bâle-Ville",BS,,,
1622,"Le Sépey",VD,,,
1623,Villeneuve,VD,,,
1624,Epalinges,VD,,,
1625,"Saint-Aubin FR",FR,,,
1626,Martigny-Ville,VS,,,
1627,Fiez,VD,,,
1628,Montana-Village,VS,,,
1629,Bougy-Villars,VD,,,
1630,Rougemont,VD,,,
1631,Bujumo-Murambi,Etranger,,,
1632,Gams,SG,,,
1633,Mantova,Etranger,,,
1634,"Mamborê",Etranger,,,
1635,Lourtier,VS,,,
1636,Lugaggia,TI,,,
1637,"Cortébert",BE,,,
1638,Montagnola,TI,,,
1639,Bedano,TI,,,
1640,Lopagno,TI,,,
1641,"Valsolda (Como)",Etranger,,,
1642,Cureglia,TI,,,
1643,Imperia,Etranger,,,
1644,Arzo,TI,,,
1645,Corzoneso,TI,,,
1646,Corticiasca,TI,,,
1647,"Cesena/Forlì",Etranger,,,
1648,Schattdorf,UR,,,
1649,Ligornetto,TI,,,
1650,Bironico,TI,,,
1651,Sementina,TI,,,
1652,Novaggio,TI,,,
1653,Massagno,TI,,,
1654,Madras,Etranger,,,
1655,Gentilino,TI,,,
1656,Meisterschwanden,AG,,,
1657,Monteggio,TI,,,
1658,Grono,GR,,,
1659,Grenoble,Etranger,,,
1660,Stabio,TI,,,
1661,Carabietta,TI,,,
1662,Brissago,TI,,,
1663,"Joroinen (Mikkeli)",Etranger,,,
1664,Muzzano,TI,,,
1665,"Vico Morcote",TI,,,
1666,"Capodistria (Trieste)",Etranger,,,
1667,Lecco,Etranger,,,
1668,Buerglen,TG,,,
1669,"Brusino Arsizio",TI,,,
1670,Cremona,Etranger,,,
1671,Kandersteg,BE,,,
1672,Cadro,TI,,,
1673,Cimadera,TI,,,
1674,Cevio,TI,,,
1675,"Champdepraz (Aosta)",Etranger,,,
1676,Loco,TI,,,
1677,Olivone,TI,,,
1678,"Brè sopra Lugano",TI,,,
1679,"Sarnico (Bergamo)",Etranger,,,
1680,"Ostiglia (Mantova)",Etranger,,,
1681,Prizren,Etranger,,,
1682,Auenstein,AG,,,
1683,"Asnières-sur-Seine",Etranger,,,
1684,"Sao Paulo",Etranger,,,
1685,Essertes,VD,,,
1686,"Malsch, Kreiz Karlsruhe",Etranger,,,
1687,Boveresse,NE,,,
1688,Noflen,BE,,,
1689,"Etagnières",VD,,,
1690,Belmont-sur-Pully,VD,,,
1691,Vitznau,LU,,,
1692,Therwil,BL,,,
1693,"Däniken",SO,,,
1694,Marthalen,ZH,,,
1695,Bussenhausen,ZH,,,
1696,"Leutkirch (Wurttemberg)",Etranger,,,
1697,"Wädenswilerberg",ZH,,,
1698,Oberhelfenschwil,SG,,,
1699,Kollbrunn,ZH,,,
1700,"Villars-sur-Glâne",FR,,,
1701,Dardagny,GE,,,
1702,Choulex,GE,,,
1703,Regensdorf,ZH,,,
1704,Lissa,Etranger,,,
1705,"Neidenburg (Ostpreussen)",Etranger,,,
1706,Heslach,Etranger,,,
1707,Mindersdorf,Etranger,,,
1708,Krummenau,SG,,,
1709,Madretsch,BE,,,
1710,"Santa Maria",GR,,,
1711,"(Royaume de Wurtemberg)",Etranger,,,
1712,"Burzweiler (Alsace)",Etranger,,,
1713,Regensburg,Etranger,,,
1714,Aachen,Etranger,,,
1715,Cagliari,Etranger,,,
1716,Irun,Etranger,,,
1717,Cottbus,Etranger,,,
1718,Oakville,Etranger,,,
1719,Nice,Etranger,,,
1720,Piacenza,Etranger,,,
1721,Nembro,Etranger,,,
1722,Corme,Etranger,,,
1723,Maracaibo,Etranger,,,
1724,Maccio,Etranger,,,
1725,"Hégenheim",Etranger,,,
1726,"Göteborg",Etranger,,,
1727,"Niédens",VD,,,
1728,Rehetobel,AR,,,
1729,"Le Lac-Noir",FR,,,
1730,"Nérac (Lot-et-Garonne)",Etranger,,,
1731,Dietwil,AG,,,
1732,"Saint-Germain-sur-Talloires (Haute-Savoie)",Etranger,,,
1733,"Werden an der Ruhr",Etranger,,,
1734,Neuwied,Etranger,,,
1735,Waregem,Etranger,,,
1736,Vizag,Etranger,,,
1737,Escholzmatt-Marbach,LU,,,
1738,"Vérone",Etranger,,,
1739,Hagen,Etranger,,,
1740,Fulenbach,SO,,,
1741,"Hohenems (Vorarlberg)",Etranger,,,
1742,"Langnau im Emmental",BE,,,
1743,Curtilles,VD,,,
1744,"Kirchberg (BE)",BE,,,
1745,Egolzwil,LU,,,
1746,"Les Agettes",VS,,,
1747,Biberist,SO,,,
1748,Wengi,BE,,,
1749,"Beromünster",LU,,,
1750,"Réclère",BE,,,
1751,Grossandelfingen,ZH,,,
1752,Schlosswil,BE,,,
1753,Zutphen,Etranger,,,
1754,Estrun,Etranger,,,
1755,Watford,Etranger,,,
1756,Flawil,SO,,,
1757,Muotathal,SZ,,,
1758,Valendas,GR,,,
1759,"Drei Höfe",SO,,,
1760,Elberfeld,Etranger,,,
1761,"Güttingen",TG,,,
1762,"Möriken-Wildegg",AG,,,
1763,Siebnen,SZ,,,
1764,Olot,Etranger,,,
1765,Timisoara,Etranger,,,
1766,Kuopio,Etranger,,,
1767,Ravenne,Etranger,,,
1768,Biberach,Etranger,,,
1769,Heiligenstadt,Etranger,,,
1770,Obfelden,ZH,,,
1771,Zollikofen,ZH,,,
1772,Villette,VD,,,
1773,Hemberg,SG,,,
1774,Niedereggenen,Etranger,,,
1775,Muttenz,BL,,,
1776,Lindau,Etranger,,,
1777,Wiedlisbach,BE,,,
1778,"Moncófar (Castellón)",Etranger,,,
1779,"Le Dézaley",VD,,,
1780,Semsales,FR,,,
1781,Savigny,VD,,,
1782,Vouvry,VS,,,
1783,Torgau,Etranger,,,
1784,Nidfurn,GL,,,
1785,Wohlenschwil,AG,,,
1786,Speicher,AR,,,
1787,Saint-Cierges,VD,,,
1788,Gondiswil,BE,,,
1789,"Lindau (Bavière)",Etranger,,,
1790,"Oberwil bei Büren",BE,,,
1791,Wollerau,SZ,,,
1792,Manchester,Etranger,,,
1793,"Guebwiller (Alsace)",Etranger,,,
1794,Halifax,Etranger,,,
1795,Boudevilliers,NE,,,
1796,Neubrunn,ZH,,,
1797,Reinach,AG,,,
1798,Weiningen,ZH,,,
1799,Stein,AR,,,
1800,Seedorf,UR,,,
1801,"Chézard-Saint-Martin",NE,,,
1802,Trasadingen,SH,,,
1803,Beringen,SH,,,
1804,"Rüegsau",BE,,,
1805,Straubenzell,SG,,,
1806,"Büsserach",SO,,,
1807,Hesse,Etranger,,,
1808,Thunstetten,BE,,,
1809,Tecuci,Etranger,,,
1810,"Kleinhüningen",BS,,,
1811,Mengestorf,BE,,,
1812,Kempten,ZH,,,
1813,Worben,BE,,,
1814,Liebewil,BE,,,
1815,"Bärau",BE,,,
1816,"Bürerwald",SG,,,
1817,Laupen,BE,,,
1818,Boningen,SO,,,
1819,"Aeschi bei Spiez",BE,,,
1820,Schangnau,BE,,,
1821,Wynigen,BE,,,
1822,"Bütschwil",SG,,,
1823,Toggenburg,SG,,,
1824,Paspels,GR,,,
1825,Hitzkirch,LU,,,
1826,Leuzigen,BE,,,
1827,"Günzburg",Etranger,,,
1828,Alpnach,OW,,,
1829,"Säckingen",Etranger,,,
1830,Wattenwil,BE,,,
1831,Oberengstringen,ZH,,,
1832,Echandens,VD,,,
1833,Commentry,Etranger,,,
1834,"Piémont",Etranger,,,
1835,Aarhus,Etranger,,,
1836,Bardonnex,GE,,,
1837,Macon,Etranger,,,
1838,"Vallée de Joux",VD,,,
1839,Heilbronn,Etranger,,,
1840,Niederschwarzbach,Etranger,,,
1841,Embrach,ZH,,,
1842,Dillingen,Etranger,,,
1843,Colombe,Etranger,,,
1844,Bayeux,Etranger,,,
1845,Garches,Etranger,,,
1846,Friedrichsdorf,Etranger,,,
1847,Aclens,VD,,,
1848,Kehrsatz,BE,,,
1849,"Völkermarkt",Etranger,,,
1850,"Poméranie",Etranger,,,
1851,Galgenen,SZ,,,
1852,Unterseen,BE,,,
1853,"Mackenzie (Guyane brittanique)",Etranger,,,
1854,Pollegio,TI,,,
1855,Erlangen,Etranger,,,
1856,Wiesendangen,ZH,,,
1857,"Bisaccia (Avellino)",Etranger,,,
1858,"Campolongo sul Brenta",Etranger,,,
1859,Bossuet,Etranger,,,
1860,"Madretsch (Bienne)",BE,,,
1861,Fischenthal,ZH,,,
1862,Zuchwil,SO,,,
1863,Guttet,VS,,,
1864,Welschenrohr,SO,,,
1865,Lengnau,BE,,,
1866,"Bingen (Hesse rhénane)",Etranger,,,
1867,Riedt,TG,,,
1868,Borex,VD,,,
1869,Signau,BE,,,
1870,"Avry devant-Pont",FR,,,
1871,Saint-Gingolph,Etranger,,,
1872,"Chavannes-près-Renens",VD,,,
1873,"Menden DE",Etranger,,,
1874,Dagmersellen,LU,,,
1875,Anduze,Etranger,,,
1876,Birmingham,Etranger,,,
1877,"Pontaix (Drôme)",Etranger,,,
1878,Valence,Etranger,,,
1879,Bourg-en-Bresse,Etranger,,,
1880,Deudehom,Etranger,,,
1881,Bourdigny,GE,,,
1882,Amiens,Etranger,,,
1883,Mariastein,SO,,,
1884,Lenzbourg,AG,,,
1885,Villmergen,AG,,,
1886,"Alost (Flandre orientale)",Etranger,,,
1887,Safenwil,AG,,,
1888,Kirchberg,Etranger,,,
1889,Elbistan,Etranger,,,
1890,Poebene,Etranger,,,
1891,Tarcento,Etranger,,,
1892,Wohlen,BE,,,
1893,"Sankt Stephan",BE,,,
1894,"Märstetten",TG,,,
1895,"Genève",Suisse,,,
1896,Tenero,TI,,,
1897,Niederhallwil,AG,,,
1898,Au,SG,,,
1899,"Oberägeri",SZ,,,
1900,Oftringen,AG,,,
1901,"Stein am Rhein",SH,,,
1902,"Corcelles-près-Concise",VD,,,
1903,Chur,GR,,,
1904,Cernier,NE,,,
1905,Malans,GR,,,
1906,Vauderens,FR,,,
1907,Gstaad,BE,,,
1908,"Schüpfheim",LU,,,
1909,Hohenrain,LU,,,
1910,Cormoret,BE,,,
1911,"Dürnten",ZH,,,
1912,St-Imier,BE,,,
1913,Kirchlindach,BE,,,
1914,Saxeten,BE,,,
1915,"Bévilard",BE,,,
1916,"Châlons-en-Champagne",Etranger,,,
1917,Villnachern,AG,,,
1918,"Dättwil",AG,,,
1919,"Zollikon et Affoltern?",ZH,,,
1920,Veltheim,AG,,,
1921,Ramosch,GR,,,
1922,"Hölstein",BL,,,
1923,Transvaal,Etranger,,,
1924,Oberburg,BE,,,
1925,Lausen,BL,,,
1926,Ettiswil,LU,,,
1927,Arbon,TG,,,
1928,Weissenburg,BE,,,
1929,Breil/Brigels,GR,,,
1930,Schocherswil,TG,,,
1931,Dietikon,ZH,,,
1932,"Libingen (Mosnang)",SG,,,
1933,"Kräiligen",BE,,,
1934,Illnau-Effretikon,ZH,,,
1935,Rothrist,AG,,,
1936,Eysins,VD,,,
1937,"Schübelbach (Siebnen)",SZ,,,
1938,"Málaga",Etranger,,,
1939,Krillberg,TG,,,
1940,Uman,Etranger,,,
1941,Schinznach-Dorf,AG,,,
1942,Oberstammheim,ZH,,,
1943,"La Jonchère",NE,,,
1944,Cully,VD,,,
1945,"Morbio Inferiore",TI,,,
1946,Willisdorf,TG,,,
1947,Eichberg,SG,,,
1948,Vira,TI,,,
1949,"Les Bayards",NE,,,
1950,"Chaluet (Court)",BE,,,
1951,Sonceboz,BE,,,
1952,Zauggenried,BE,,,
1953,Lyssach,BE,,,
1954,Corsier-sur-Vevey,VD,,,
1955,Vuippens,FR,,,
1956,Mur,VD,,,
1957,Montana,VS,,,
1958,Campli,Etranger,,,
1959,"Schönholzerswilen",TG,,,
1960,Abtwil,AG,,,
1961,"Nürtingen",Etranger,,,
1962,Moosaffoltern,BE,,,
1963,"L'Auberson",VD,,,
1964,Montpreveyres,VD,,,
1965,Berlingen,TG,,,
1966,Roggwil,TG,,,
1967,Faoug,VD,,,
1968,Grosswangen,LU,,,
1969,Erschwil,SO,,,
1970,Ilanz,GR,,,
1971,"Täsch",VS,,,
1972,Udligenswil,LU,,,
1973,Thal,SG,,,
1974,Saint-Antoine,FR,,,
1975,Sins,AG,,,
1976,Stockton,Etranger,,,
1977,Basel,BS,,,
1978,"Człuchów",Etranger,,,
1979,Dulliken,SO,,,
1980,Rotkreuz,ZG,,,
1981,Siviriez,FR,,,
1982,Seigneux,VD,,,
1983,Saar-Union,Etranger,,,
1984,"Nîmes",Etranger,,,
1985,"Mazamet (Tarn)",Etranger,,,
1986,Mont-la-Ville,VD,,,
1987,Feldbrunnen,SO,,,
1988,Tesserete,TI,,,
1989,Eggiwil,BE,,,
1990,Airolo,TI,,,
1991,Zwickau,Etranger,,,
1992,"Étampes",Etranger,,,
1993,Wilno,Etranger,,,
1994,"Neumarkt in Steiermark",Etranger,,,
1995,"Savièse",VS,,,
1996,Lodi,Etranger,,,
1997,Miami,Etranger,,,
1998,Alexandria,Etranger,,,
1999,Wilster,Etranger,,,
2000,Caen,Etranger,,,
2001,Katowice,Etranger,,,
2002,"Wipperfürth",Etranger,,,
2003,Mannheim-Neckarau,Etranger,,,
2004,Montandon,Etranger,,,
2005,Wittenberge,Etranger,,,
2006,"Reddemitz, Westpreussen",Etranger,,,
2007,Tuttlingen,Etranger,,,
2008,"Höngg-Zürich",ZH,,,
2009,Glovelier,BE,,,
2010,Diemtigen,BE,,,
2011,Duisburg,Etranger,,,
2012,Karachi,Etranger,,,
2013,Haslen,GL,,,
2014,Dijon,Etranger,,,
2015,Groningen,Etranger,,,
2016,Eupen,Etranger,,,
2017,Cinuos-chel,GR,,,
2018,Gampel,VS,,,
2019,"Le Mans",Etranger,,,
2020,Condrieu,Etranger,,,
2021,"The Bronx",Etranger,,,
2022,Riggisberg,BE,,,
2023,Seeberg,BE,,,
2024,Littau,LU,,,
2025,Saint-Loup,VD,,,
2026,Stans,LU,,,
2027,Vilters-Wangs,SG,,,
2028,Obstalden,GL,,,
2029,Unterkulm,AG,,,
2030,"Schwändi",GL,,,
2031,Ankara,Etranger,,,
2032,Weinfelden,TG,,,
2033,Wildberg,ZH,,,
2034,Bruggen,SG,,,
2035,Seuzach,ZH,,,
2036,"Grossbartloff (Erfurt)",Etranger,,,
2037,Recherswil,SO,,,
2038,"Ziegelbrücke",GL,,,
2039,Balterswil,TG,,,
2040,Yerevan,Etranger,,,
2041,"(West Virginia)",Etranger,,,
2042,Montagny,VD,,,
2043,Merseburg,Etranger,,,
2044,Apples,VD,,,
2045,Rennaz,VD,,,
2046,"Wörgl",Etranger,,,
2047,"Saint Petersburg",Etranger,,,
2048,"Töss (auj. Winterthour)",ZH,,,
2049,Oberrieden,ZH,,,
2050,Riddes,VS,,,
2051,Gossau,ZH,,,
2052,Urdorf,ZH,,,
2053,Ottiswil,BE,,,
2054,"Prévonloup",VD,,,
2055,Leimbach,AG,,,
2056,Egringen,Etranger,,,
2057,"Schüpfen",BE,,,
2058,Baselaugst,BL,,,
2059,Chavornay,VD,,,
2060,Montfaucon,BE,,,
2061,Vesin,FR,,,
2062,Fiorano,Etranger,,,
2063,"Lüsslingen",SO,,,
2064,"Bailén",Etranger,,,
2065,Schlierbach,LU,,,
2066,Ostiano,Etranger,,,
2067,Grub,SG,,,
2068,Igis,GR,,,
2069,"Gränichen",AG,,,
2070,"Därligen",BE,,,
2071,Pedrinate,TI,,,
2072,Neuenegg,BE,,,
2073,Kriegstetten,SO,,,
2074,Schaplava,Etranger,,,
2075,Berneck,SG,,,
2076,Allschwil,BL,,,
2077,Bramstedt,Etranger,,,
2078,Zihlschlacht,TG,,,
2079,Tamins,GR,,,
2080,Oberegg,AI,,,
2081,"Schänis",SG,,,
2082,Obersteckholz,BE,,,
2083,Buchrain,LU,,,
2084,Seissen,Etranger,,,
2085,"Hasle-Rüegsau",BE,,,
2086,"Rüeggisberg",BE,,,
2087,Torny-le-Grand,FR,,,
2088,"Le Cateau",Etranger,,,
2089,Brusino,TI,,,
2090,Porza,TI,,,
2091,"Les Petits-Ponts",NE,,,
2092,Brugg,BE,,,
2093,Pampigny,VD,,,
2094,Agriswil,FR,,,
2095,Matten,BE,,,
2096,Miesbach,Etranger,,,
2097,"Villars-d'Avry",FR,,,
2098,Oberhofen,BE,,,
2099,"Reichenbach im Kandertal",BE,,,
2100,"Les Geneveys-sur-Coffrane",NE,,,
2101,Autigny,FR,,,
2102,Dietlikon,ZH,,,
2103,"Bümpliz",BE,,,
2104,Rust,Etranger,,,
2105,Russikon,ZH,,,
2106,Kempttal,ZH,,,
2107,"Rüschlikon",ZH,,,
2108,Zeiningen,AG,,,
2109,Wangen,BE,,,
2110,Walzenhausen,AR,,,
2111,Nottingham,Etranger,,,
2112,"Niederbüren",SG,,,
2113,Wigoltingen,TG,,,
2114,Kaltbrunn,SG,,,
2115,Oberbach,FR,,,
2116,Derendingen,SO,,,
2117,Hochfelden,ZH,,,
2118,Bettwiesen,TG,,,
2119,Recklinghauser,Etranger,,,
2120,Horw,LU,,,
2121,"Päwesin",Etranger,,,
2122,Kleinhandelfingen,ZH,,,
2123,Othmarsingen,AG,,,
2124,Widnau,SG,,,
2125,Gerlafingen,SO,,,
2126,"Niederhünigen",BE,,,
2127,Saint-Ursanne,BE,,,
2128,"Péry",BE,,,
2129,"Buchs b. Aarau",AG,,,
2130,Kirchberg,SG,,,
2131,"S. Vito al Tagliamento (Pordenone)",Etranger,,,
2132,Titterten,BL,,,
2133,"Romainmôtier",VD,,,
2134,Promasens,FR,,,
2135,Giubiasco,TI,,,
2136,Treycovagnes,VD,,,
2137,Nendaz,VS,,,
2138,"Châtel-St-Denis",FR,,,
2139,Brescia,Etranger,,,
2140,Comologno,TI,,,
2141,"Grüningen",ZH,,,
2142,Bollingen,SG,,,
2143,Strengelbach,AG,,,
2144,Canobbio,TI,,,
2145,Engi,GL,,,
2146,Saas-Balen,VS,,,
2147,Grenchen,SO,,,
2148,"Sovramonte - Belluno",Etranger,,,
2149,"Reggio Emilia",Etranger,,,
2150,Villeurbanne,Etranger,,,
2151,"Altensteigdorf (Baden-Württemberg)",Etranger,,,
2152,Lotzwil,BE,,,
2153,Rickenbach,LU,,,
2154,Rupperswil,AG,,,
2155,Ammerswil,AG,,,
2156,"Röthenbach",BE,,,
2157,Rothenburg,LU,,,
2158,Uerkheim,AG,,,
2159,Suhr,AG,,,
2160,Mastrils,GR,,,
2161,"Grächen",VS,,,
2162,"Saint-Léonard",VS,,,
2163,Verviers-Hodimont,Etranger,,,
2164,"Saint Blaise",NE,,,
2165,Chermignon,VS,,,
2166,Niederbipp,BE,,,
2167,Oerlikon,ZH,,,
2168,Lengwil,TG,,,
2169,Niederrohrdorf,AG,,,
2170,Sondrio,Etranger,,,
2171,"Fregiécourt",BE,,,
2172,"Alt Wallmoden/Goslar",Etranger,,,
2173,Matzendorf,SO,,,
2174,Montignez,BE,,,
2175,Bollion,FR,,,
2176,Champoz,BE,,,
2177,Riniken,AG,,,
2178,Collombey,VS,,,
2179,Coffrane,NE,,,
2180,Langwiesen,ZH,,,
2181,Selzach,SO,,,
2182,Oltigen,BE,,,
2183,Bofflens,VD,,,
2184,Fraubrunnen,BE,,,
2185,"Römerswil",LU,,,
2186,"Uetikon am See",ZH,,,
2187,Collebeato,Etranger,,,
2188,Bercher,VD,,,
2189,Malleray,BE,,,
2190,Obergesteln,VS,,,
2191,Coppet,VD,,,
2192,"Velký Osek (Gross Wossek)",Etranger,,,
2193,"Staad (commune de Thal)",SG,,,
2194,"Altona (Hambourg)",Etranger,,,
2195,"Neuburg am Inn",Etranger,,,
2196,"Nürnberg",Etranger,,,
2197,"Unterhallau (auj. Hallau)",SH,,,
2198,"Piancastagnaio (Toscane)",Etranger,,,
2199,Erzurum,Etranger,,,
2200,Wald,AR,,,
2201,Sorvilier,BE,,,
2202,"Müswangen (auj. comm. Hitzkirch)",LU,,,
2203,"Klein-Sangerberg (auj. Prameny)",Etranger,,,
2204,"Veltheim (auj. comm. Winterthour)",ZH,,,
2205,"Marly ?",FR,,,
2206,Buus,BL,,,
2207,Bassecourt,BE,,,
2208,"Mézières",VD,,,
2209,"Ennetbürgen",NW,,,
2210,"La Bosse",BE,,,
2211,Puidoux,VD,,,
2212,Laconnex,GE,,,
2213,"Niedergösgen",SO,,,
2214,Reiden,LU,,,
2215,"Mülchi",BE,,,
2216,Rivaz,VD,,,
2217,Walchwil,ZG,,,
2218,Felsberg,GR,,,
2219,Unterengstringen,ZH,,,
2220,Ennetmoos,NW,,,
2221,Landquart,GR,,,
2222,Schwadernau,BE,,,
2223,Engelburg,SG,,,
2224,Wila,ZH,,,
2225,"Mörigen",BE,,,
2226,Cadenazzo,TI,,,
2227,Krattigen,BE,,,
2228,"Goldiwil (Thun)",BE,,,
2229,Simrishamn,Etranger,,,
2230,"Umeå",Etranger,,,
2231,"Flüelen",UR,,,
2232,"Grosshöchstetten",BE,,,
2233,Kappel,SG,,,
2234,Balerna,TI,,,
2235,Bevaix,NE,,,
2236,Ballaigues,VD,,,
2237,Yvorne,VD,,,
2238,Hofen,SH,,,
2239,Schinznach,AG,,,
2240,Montilier,FR,,,
2241,"Bätterkinden",BE,,,
2242,Zizers,GR,,,
2243,Auswil,BE,,,
2244,Neggio,TI,,,
2245,Ueken,AG,,,
2246,"Bachenbülach",ZH,,,
2247,Masein,GR,,,
2248,Merenschwand,AG,,,
2249,"Gléresse",BE,,,
2250,"Gähwil",SG,,,
2251,"La Chaux-du-Milieu",NE,,,
2252,Chevilly,VD,,,
2253,Giornico,TI,,,
2254,Villarzel,VD,,,
2255,Wabern,BE,,,
2256,Veysonnaz,VS,,,
2257,Forel-sur-Lucens,VD,,,
2258,Oberrohrdorf,AG,,,
2259,"Lützelflüh",BE,,,
2260,"Reverolle (Savigny)",VD,,,
2261,Hauterive,NE,,,
2262,"Le Pâquier",NE,,,
2263,Suberg,BE,,,
2264,Trun,GR,,,
2265,"Küssnacht am Rigi",SZ,,,
2266,Neuendorf,SO,,,
2267,Romoos,LU,,,
2268,"Kühlewil",BE,,,
2269,Binn,VS,,,
2270,"Mörel",VS,,,
2271,"Häggenschwil",SG,,,
2272,Schlieren,ZH,,,
2273,Billens,FR,,,
2274,"Bâle",BL,,,
2275,Ebnat-Kappel,SG,,,
2276,Rheinklingen,TG,,,
2277,Pratval,GR,,,
2278,Stalden,VS,,,
2279,Lauperswil,BE,,,
2280,Vilters,SG,,,
2281,"Vnà",GR,,,
2282,Donat,GR,,,
2283,Attiswil,BE,,,
2284,"Séville",Etranger,,,
2285,Waldkirch,SG,,,
2286,Lossy,FR,,,
2287,Baldingen,AG,,,
2288,Vaz/Obervaz,GR,,,
2289,Schluein,GR,,,
2290,Bourg-Saint-Pierre,VS,,,
2291,Neuheim,ZG,,,
2292,Kerns,OW,,,
2293,Heiden,AR,,,
2294,"Flühli",LU,,,
2295,Uesslingen,TG,,,
2296,Cabbio,TI,,,
2297,Mathod,VD,,,
2298,"Läufelfingen",BL,,,
2299,"Bühler",AR,,,
2300,Wassen,UR,,,
2301,Neuenkirch,LU,,,
2302,Chapelle-sur-Moudon,VD,,,
2303,Untersiggenthal,AG,,,
2304,"Rüttenen",SO,,,
2305,Dornach,SO,,,
2306,Erlinsbach,AG,,,
2307,"Thalheim an der Thur",ZH,,,
2308,"Hägglingen",AG,,,
2309,"Bösingen",FR,,,
2310,Gachnang,TG,,,
2311,Rechthalten,FR,,,
2312,Laupersdorf,SO,,,
2313,Icogne,VS,,,
2314,Falera,GR,,,
2315,"Rossrüti (comm. Bronschhofen)",SG,,,
2316,Alberswil,LU,,,
2317,"Vollèges",VS,,,
2318,Ruswil,LU,,,
2319,"Mägenwil",AG,,,
2320,"Neu Sankt-Johann (Henau)",SG,,,
2321,Boswil,AG,,,
2322,Visperterminen,VS,,,
2323,Escholzmatt,LU,,,
2324,Laax,GR,,,
2325,Bissone,TI,,,
2326,Quarten,SG,,,
2327,Trimmis,GR,,,
2328,Saint-Blaise,NE,,,
2329,Dizy,VD,,,
2330,Villars-Lussery,VD,,,
2331,Vetroz,VS,,,
2332,Capolago,TI,,,
2333,Sugnens,VD,,,
2334,"Burinaux (comm. Chavannes-sur-Moudon)",VD,,,
2335,Malix,GR,,,
2336,Merzligen,BE,,,
2337,"Montreux-Vieux (Alsace)",Etranger,,,
2338,Staffelbach,AG,,,
2339,Oensingen,SO,,,
2340,Oppligen,BE,,,
2341,Oberkulm,AG,,,
2342,Mammern,TG,,,
2343,Griesenberg,TG,,,
2344,Simplon-Village,VS,,,
2345,"Bussigny-près-Lausanne",VD,,,
2346,"Räuchlisberg (auj. comm. Amriswil)",TG,,,
2347,"Thalkirch (comm. Safien)",GR,,,
2348,Grossaffoltern,BE,,,
2349,"Grasswil b. Seeberg",BE,,,
2350,Benken,ZH,,,
2351,"Suscévaz",VD,,,
2352,"La Sarraz",VD,,,
2353,"Bözingen (auj. Bienne)",BE,,,
2354,"Grub (comm. Eggersriet)",SG,,,
2355,"Neuhaus (Baden)",Etranger,,,
2356,Cham,LU,,,
2357,Hundwil,AR,,,
2358,"Königsfelden bei Brugg",AG,,,
2359,"Coglio (Maggia)",TI,,,
2360,"Céphalonie",Etranger,,,
2361,"St. Antoni",FR,,,
2362,Combremont-le-Grand,VD,,,
2363,Dompierre,FR,,,
2364,Brigue-Glis,VS,,,
2365,Tilsit,"étranger",,,
2366,"Wald (comm. Sankt Peterzell)",AR,,,
2367,Champvent,VD,,,
2368,Forst,BE,,,
2369,Guntmadingen,SH,,,
2370,Wettswil,ZH,,,
2371,Schlarigna/Celerina,GR,,,
2372,Brigels,GR,,,
2373,"Rüderswil",BE,,,
2374,Aristau,AG,,,
2375,"Havelange (Namur)",Etranger,,,
2376,Itzehoe,Etranger,,,
2377,Pasadena,Etranger,,,
2378,"Bendorf (Rhénanie-Palatinat)",Etranger,,,
2379,"Campo Vallemaggia",TI,,,
2380,Sumatra,Etranger,,,
2381,"Bingum (Ostfriesland)",Etranger,,,
2382,Pekin,Etranger,,,
2383,Champex,VS,,,
2384,Thonon-les-Bains,Etranger,,,
2385,Dorfchemnitz,Etranger,,,
2386,"Baden bei Wien",Etranger,,,
2387,Oberwart,Etranger,,,
2388,Kirchheim/Teck,Etranger,,,
2389,Newmachar,Etranger,,,
2390,Lerida,Etranger,,,
2391,Lauchheim,Etranger,,,
2392,Dussnang,TG,,,
2393,Gelsenkirchen,Etranger,,,
2394,Leverkusen,Etranger,,,
2395,Lausanne,VS,,,
2396,Geesthacht,Etranger,,,
2397,"Tel Aviv",Etranger,,,
2398,Saint-Brieuc,Etranger,,,
2399,"La Paz",Etranger,,,
2400,"Örkelljunga",Etranger,,,
2401,Bayonne,Etranger,,,
2402,Ehingen,Etranger,,,
2403,Altdorf,Uri,,,
2404,Combremont-le-Petit,VD,,,
2405,Bassersdorf,ZH,,,
2406,"Etat de New-York",Etranger,,,
2407,Farsala,Etranger,,,
2408,"Duffel (Anvers)",Etranger,,,
2409,"Tremessen (Posnanie)",Etranger,,,
2410,Gevelsberg,Etranger,,,
2411,Troyes,Etranger,,,
2412,Hoensbroek,Etranger,,,
2413,Edlibach,ZG,,,
2414,Neuenhof,AG,,,
2415,Saint-Gingolph,VS,,,
2416,Savagnier,NE,,,
2417,Blumenau,Etranger,,,
2418,"Près de Francfort",Etranger,,,
2419,Salgesch,VS,,,
2420,Hochdorf,LU,,,
2421,Liddes,VS,,,
2422,Giez,VD,,,
2423,Vals,GR,,,
2424,Perlen,LU,,,
2425,Sessa,TI,,,
2426,"Genève",Ge,,,
2427,Corseaux-sur-Vevey,VD,,,
2428,Rekingen,AG,,,
2429,Valeyres-sous-Rances,VD,,,
2430,"Bülach, Rafz (ZH)",ZH,,,
2431,"Dürrenroth",BE,,,
2432,"Endingen am Kaiserstuhl",Etranger,,,
2433,Sydney,Etranger,,,
2434,Ermensee,LU,,,
2435,"Glaris Sud",GL,,,
2436,Lignerolle,VD,,,
2437,Riaz,FR,,,
2438,"Gurtendorf bei Wabern",BE,,,
2439,Volketswil,ZH,,,
2440,Versam,GR,,,
2441,Erlenbach,ZG,,,
2442,Berne,LU,,,
2443,Comano,TI,,,
2444,"Erlenbach im Simmental",BE,,,
2445,Udupi,Etranger,,,
2446,Saillon,VS,,,
2447,Hagenbuch,ZH,,,
2448,Gordola,TI,,,
2449,Gossliwil,SO,,,
2450,"Rüfenach",AG,,,
2451,Stettlen,BE,,,
2452,Rohren-Toos,TG,,,
2453,Flims,GR,,,
2454,Trub,BE,,,
2455,Wildhaus,SG,,,
2456,"Bünzen",AG,,,
2457,Wavre,NE,,,
2458,Wauwil,LU,,,
2459,"Beinwil (Freiamt)",AG,,,
2460,Sonogno,TI,,,
2461,"Bosco Gurin",TI,,,
2462,Founex,VD,,,
2463,Prangins,VD,,,
2464,"Mittelhäusern",BE,,,
2465,Bettswil,ZH,,,
2466,"Bäretswil",ZH,,,
2467,Feusisberg,SZ,,,
2468,Pfungen,ZH,,,
2469,Badenweiler,Etranger,,,
2470,"Brügglen",SO,,,
2471,Bleiken,TG,,,
2472,Achern,Etranger,,,
2473,"Bodenfelde an der Weser (Basse-Saxe)",Etranger,,,
2474,"Bärschwil",SO,,,
2475,"Nänikon",ZH,,,
2476,"Schloss Reichenau",GR,,,
2477,"Köln am Rhein",Etranger,,,
2478,Salonique,Etranger,,,
2479,Agiez,VD,,,
2480,Klosters,GR,,,
2481,Chingford,Etranger,,,
2482,Wyden,AG,,,
2483,Noiraigue,NE,,,
2484,Veyrier,GE,,,
2485,Emmenweid,LU,,,
2486,Berlin,ZH,,,
2487,Broc,FR,,,
2488,"Sâles",FR,,,
2489,Worb,BE,,,
2490,"Trüllikon",ZH,,,
2491,Golaten,BE,,,
2492,Toledo,Etranger,,,
2493,Lungern,OW,,,
2494,Schafisheim,AG,,,
2495,Hammern,Etranger,,,
2496,Irgenhausen,ZH,,,
2497,Winznau,SO,,,
2498,Doncaster,Etranger,,,
2499,Vendlincourt,BE,,,
2500,Oberendingen,AG,,,
2501,"Arni bei Biglen",BE,,,
2502,Wollishofen,ZH,,,
2503,Constantinople,Etranger,,,
2504,Heidelsheim,Etranger,,,
2505,"Céligny",GE,,,
2506,Davos-Glaris,GR,,,
2507,Blonay,VD,,,
2508,Ursenbach,BE,,,
2509,Menzberg,LU,,,
2510,"Bâle",BS?,,,
2511,"Müswangen",LU,,,
2512,"Kämmoos/Bübikon",ZH,,,
2513,Oron-la-Ville,VD,,,
2514,Mosnang,SG,,,
2515,"Enge (auj. Zurich)",ZH,,,
2516,Ostermundigen,BE,,,
2517,"Somvix (Sumvigt)",GR,,,
2518,"Mühleberg",BE,,,
2519,Zoug,Zg,,,
2520,Pise,Etranger,,,
2521,"Splügen",GR,,,
2522,Filisur,GR,,,
2523,Ormalingen,BL,,,
2524,"Daucher-Alfermée",BE,,,
2525,Oberbuchsiten,SO,,,
2526,Schmitten,FR,,,
2527,Hilterfingen,BE,,,
2528,Gais,AR,,,
2529,"Rickenbach bei Wil",TG,,,
2530,Muri,BE,,,
2531,Metzerlen-Mariastein,SO,,,
2532,Bournemouth,Etranger,,,
2533,"Aesch bei Birmensdorf",ZH,,,
2534,"Angoulème",Etranger,,,
2535,Wildegg,AG,,,
2536,Padang,Etranger,,,
2537,Flums,SG,,,
2538,Endingen,AG,,,
2539,"Urnäsch",AR,,,
2540,Hottingen,ZH,,,
2541,"Cernobbio (Lombardie)",Etranger,,,
2542,Lommis,TG,,,
2543,Euseigne,VS,,,
2544,Bodio,TI,,,
2545,Kradolf,TG,,,
2546,Ringgenberg,BE,,,
2547,Givisiez,FR,,,
2548,Guemligen,BE,,,
2549,Sudbury,Etranger,,,
2550,"Brandenburg an der Havel",Etranger,,,
2551,Wattwil,SO,,,
2552,Weggis,LU,,,
2553,Vacallo,TI,,,
2554,Mauensee,LU,,,
2555,"Schöftland",AG,,,
2556,Kappelen,BE,,,
2557,Kobe,Etranger,,,
2558,Zollikofen,BE,,,
2559,Senarclens,VD,,,
2560,Soral,GE,,,
2561,Reust,BE,,,
2562,"Götighofen",TG,,,
2563,Daviaz,VS,,,
2564,Salvenach,FR,,,
2565,Wolhusen,LU,,,
2566,Conthey,VS,,,
2567,Vignogn,GR,,,
2568,Granges,VS,,,
2569,Anrath,Etranger,,,
2570,Lauterbrunnen,BE,,,
2571,Nebikon,LU,,,
2572,Schongau,LU,,,
2573,Sumvitg,GR,,,
2574,Sarn,GR,,,
2575,Reitnau,AG,,,
2576,Malters,LU,,,
2577,Epsach,BE,,,
2578,Sennwald,SG,,,
2579,Gebenstorf,AG,,,
2580,Montcherand,VD,,,
2581,Kesswil,TG,,,
2582,"Altstätten",ZH,,,
2583,"Neuegg (comm. Rüegsau)",BE,,,
2584,"Steinenbrünnen (comm. Wahlern)",BE,,,
2585,Dinhard,ZH,,,
2586,Adlikon,ZH,,,
2587,"Müllheim",TG,,,
2588,Niedermuhlern,BE,,,
2589,Courgevaux,FR,,,
2590,Silenen,UR,,,
2591,Beinwil,AG,,,
2592,Anchettes,VS,,,
2593,Portalban,FR,,,
2594,Gretschins,SG,,,
2595,"Rüti",GL,,,
2596,Itaslen,TG,,,
2597,Schwellbrunn,AR,,,
2598,Schmiedrued,AG,,,
2599,Bangerten,BE,,,
2600,Flerden,GR,,,
2601,"Wattwiller (Alsace)",Etranger,,,
2602,Seengen,AG,,,
2603,"Wängi",TG,,,
2604,"Spengelried (comm. Mühleberg)",BE,,,
2605,"Reppischmühle (comm. Dietikon)",ZH,,,
2606,Russo,TI,,,
2607,Neunforn,TG,,,
2608,Collombey-Muraz,VS,,,
2609,Arogno,TI,,,
2610,"Hemmerswil (auj. comm. Amriswil)",TG,,,
2611,"Chêne-Bourg",GE,,,
2612,Altendorf,SZ,,,
2613,Lampenberg,BL,,,
2614,Ebnat,SG,,,
2615,"Loèche",VS,,,
2616,Enggistein,BE,,,
2617,Nesslau,SG,,,
2618,"Bärenwil bei Langenbruck",BL,,,
2619,Tablat,SG,,,
2620,"Bovenden bei Göttingen",Etranger,,,
2621,Untervaz,GR,,,
2622,"Les Echerins (Lutry)",VD,,,
2623,Hellsau,BE,,,
2624,Signy-Avenex,VD,,,
2625,"Böblingen (Wurtemberg)",Etranger,,,
2626,Castiel,GR,,,
2627,Bussy,FR,,,
2628,Saint-Martin,VS,,,
2629,Aetingen,SO,,,
2630,Schlatt,ZH,,,
2631,"Lisora (comm. Monteggio)",TI,,,
2632,Plan-les-Ouates,GE,,,
2633,"Tägerwilen",TG,,,
2634,"San Vittore",GR,,,
2635,Busslingen,AG,,,
2636,"Obergösgen",SO,,,
2637,Egerkingen,SO,,,
2638,Naters,VS,,,
2639,Brig-Glis,VS,,,
2640,"Mariahilf (comm. Guin)",FR,,,
2641,Chalais,VS,,,
2642,"Saint-Pierre-de-Clages (comm. Chamoson)",VS,,,
2643,Grand-Lancy,GE,,,
2644,Hendschiken,AG,,,
2645,Gonten,AI,,,
2646,Starrkirch,SO,,,
2647,"Winkeln (comm. Saint-Gall)",SG,,,
2648,"Jouxtens-Mézery",VD,,,
2649,Ascona,TI,,,
2650,"L'Haÿ-les-Roses",Etranger,,,
2651,Andernach/Rhein,Etranger,,,
2652,Cambrai,Etranger,,,
2653,"Cincinnati, Ohio",Etranger,,,
2654,Schleswig,Etranger,,,
2655,Donzhausen,TG,,,
2656,"Küssnacht",SZ,,,
2657,"Wuppenau ou Wil","TG ou SG",,,
2658,Rebstein,SG,,,
2659,Sandgrub-Liebenau,Etranger,,,
2660,Gauselfingen,Etranger,,,
2661,Sankt-Fiden,SG,,,
2662,"Crest (Drôme)",Etranger,,,
2663,Bruzella,TI,,,
2664,Nuolen,SZ,,,
2665,Ems-Domat,GR,,,
2666,Villeret,BE,,,
2667,Aschaffenburg,Etranger,,,
2668,Olten,AG,,,
2669,Luino,Etranger,,,
2670,Malagny,GE,,,
2671,"Liepaja, (Russie, aujourd'hui Lettonie)",Etranger,,,
2672,"Witikon (auj. comm. Zurich)",ZH,,,
2673,Etoy,VD,,,
2674,Corsier,GE,,,
2675,Verscio,TI,,,
2676,Trogen,AI,,,
2677,"Dongio (Acquarossa)",TI,,,
2678,"Bioggio (Massagno)",TI,,,
2679,Camorino,TI,,,
2680,Melano,TI,,,
2681,"Wittwil (Staffelbach)",AG,,,
2682,"Morschwiller-le-Bas (Alsace)",Etranger,,,
2683,"Vernand-près-Lausanne",VD,,,
2684,"Sézegnin (comm. Avusy)",GE,,,
2685,Cugy,FR,,,
2686,Vailly-sur-Aisne,Etranger,,,
2687,"Ensisheim (Alsace)",Etranger,,,
2688,"Bürglen",UR,,,
2689,"Poissy, Seine-et-Oise",Etranger,,,
2690,"Berg (TG)",TG,,,
2691,"Göppingen (Bade)",Etranger,,,
2692,Rottenschwil,AG,,,
2693,"Frontenex (comm. Cologny)",GE,,,
2694,Matt,GL,,,
2695,"Möriken",AG,,,
2696,Steinegg,AI,,,
2697,"Schötz",LU,,,
2698,Gontenbad,AI,,,
2699,Eschlikon,TG,,,
2700,"Rünenberg",BL,,,
2701,"Schiltigheim (Basse-Alsace)",Etranger,,,
2702,"Böckten",BL,,,
2703,Tuggen,SZ,,,
2704,Einsiedeln,SZ?,,,
2705,Dallenwil,NW,,,
2706,Oberdorf,NW,,,
2707,"Näfels",OW,,,
2708,Engelberg,NW,,,
2709,Saxon,VS,,,
2710,Oberstrass,ZH,,,
2711,Aadorf,TG,,,
2712,Hemmental,SH,,,
2713,"Ründeroth b Köln",Etranger,,,
2714,Horn,Etranger,,,
2715,Fez,Etranger,,,
2716,Ruschein,GR,,,
2717,"Port Elizabeth",Etranger,,,
2718,Belfort,Etranger,,,
2719,"San Salvador",Etranger,,,
2720,Oehringen,Etranger,,,
2721,"Hall (Tirol)",Etranger,,,
2722,"Burnley (Lancashire)",Etranger,,,
2723,Buchholterberg,BE,,,
2724,"Québec",Etranger,,,
2725,Gilly,Etranger,,,
2726,Vinzel,VD,,,
2727,Berlin,"étranger",,,
2728,Coutance,GE,,,
2729,"Liebwalde (Prusse orientale)",Etranger,,,
2730,Maur,ZH,,,
2731,Bassins,VD,,,
2732,Tier,Etranger,,,
2733,"Lignières",NE,,,
2734,Colombo,Etranger,,,
2735,Bahia,Etranger,,,
2736,Hessen,Etranger,,,
2737,Acquarossa,TI,,,
2738,Wales,Etranger,,,
2739,"Thörigen",BE,,,
2740,Honnef,Etranger,,,
2741,"Friedrich-Wilhelms-Hütte (auj. Troisdorf)",Etranger,,,
2742,Laufen-Uhwiesen,ZH,,,
2743,"Fourneaux près de Modane",Etranger,,,
2744,"Hüttwilen",TG,,,
2745,"Zwochau (Saxe)",Etranger,,,
2746,Poznan,Etranger,,,
2747,"Rimini (Forli)",Etranger,,,
2748,"Asnières-sur-Seine (Ile-de-France)",Etranger,,,
2749,"Nimègue",Etranger,,,
2750,Chatillens,VD,,,
2751,"Les Planches-sur-Montreux",VD,,,
2752,Cracovie,Etranger,,,
2753,"Jessenetz bei Konitz",Etranger,,,
2754,"Rombach (comm. Küttigen)",AG,,,
2755,"Lecco (Come)",Etranger,,,
2756,"Stockach (Bade)",Etranger,,,
2757,"Lerbach (Hannover)",Etranger,,,
2758,Paderborn,Etranger,,,
2759,"Grünstadt",Etranger,,,
2760,"Fiesole, Florence",Etranger,,,
2761,Hildesheim,Etranger,,,
2762,"Fiaugères",FR,,,
2763,"Dippach (Luxembourg)",Etranger,,,
2764,"Myszków, près de Poznań (Prusse, auj. Pologne)",Etranger,,,
2765,"Puławy (Pologne autrichienne)",Etranger,,,
2766,Ersigen,BE,,,
2767,"Usingen (Hesse)",Etranger,,,
2768,Grosshockenheim,Etranger,,,
2769,"Beaumont (Auvergne)",Etranger,,,
2770,"Horn (auj. quartier de Brême)",Etranger,,,
2771,"Wesel (Rhénanie)",Etranger,,,
2772,"Pouilly-sur-Saône",Etranger,,,
2773,"Bobrezowo (gouvernement de Vologda, Russie)",Etranger,,,
2774,Praz,FR,,,
2775,Pfeffingen,BL,,,
2776,"Elberfeld (auj. Wuppertal)",Etranger,,,
2777,"Kastelruth (Tirol)",Etranger,,,
2778,"Radkersburg (Styrie)",Etranger,,,
2779,"Kremenets (Russie, auj. Ukraine)",Etranger,,,
2780,"Hechtsberg (Bade)",Etranger,,,
2781,Tschugg,BE,,,
2782,Bowil,BE,,,
2783,"St Veit an der Glan (Kärnten)",Etranger,,,
2784,"Esslingen am Neckar (Württemberg)",Etranger,,,
2785,"Pohlern bei Thoune",BE,,,
2786,"Ham bei Hamburg",Etranger,,,
2787,"Saint-Ay, Loiret",Etranger,,,
2788,Arnhem,Etranger,,,
2789,"Voerde in Westfalen",Etranger,,,
2790,Hittnau,ZH,,,
2791,"Guben (Basse-Lusace)",Etranger,,,
2792,"Kürenz (auj. quartier de Trèves)",Etranger,,,
2793,"Indersdorf (Bavière)",Etranger,,,
2794,"Brilon (Westphalie)",Etranger,,,
2795,Beiersdorf,Etranger,,,
2796,"Allondans (Franche-Comté)",Etranger,,,
2797,"Gernsbach (Bade)",Etranger,,,
2798,"Oetwil am See",ZH,,,
2799,"Berneck (Haute-Franconie)",Etranger,,,
2800,Kiev,Etranger,,,
2801,Charlottenburg,Etranger,,,
2802,Montevideo,Etranger,,,
2803,"Breckerfeld (Westphalie)",Etranger,,,
2804,Illnau,ZH,,,
2805,Unterlangenegg,BE,,,
2806,Chomutov,Etranger,,,
2807,Halberstadt,Etranger,,,
2808,"Forchheim (Saxe)",Etranger,,,
2809,Flamatt,FR,,,
2810,Phyangtong,Etranger,,,
2811,"La Joux",FR,,,
2812,"Sarrebourg (Moselle)",Etranger,,,
2813,Chavannes-sous-Orsonnens,FR,,,
2814,Bannes,Etranger,,,
2815,Rheinland,Etranger,,,
2816,"Lambach (Haute-Autriche)",Etranger,,,
2817,"Hochheim am Main (Hesse)",Etranger,,,
2818,"Mühlehorn",GL,,,
2819,Hauterive,FR,,,
2820,Lecce,Etranger,,,
2821,"Saint-Légier/La Chiésaz",VD,,,
2822,"Nalliers (Vendée)",Etranger,,,
2823,Bullet,VD,,,
2824,Rose-Hill,Etranger,,,
2825,"Sancoins, Cher",Etranger,,,
2826,Suchy,VD,,,
2827,"Rjeshitza, Rezekne",Etranger,,,
2828,Dabovo,Etranger,,,
2829,"Serrières",NE,,,
2830,"Neukirch an der Thur",TG,,,
2831,Amsteg,UR,,,
2832,"Pinneberg (Schleswig-Holstein)",Etranger,,,
2833,Cremin,VD,,,
2834,Paudex,VD,,,
2835,"Schussenried (Wurtemberg)",Etranger,,,
2836,"Gräbschen (près de Breslau)",Etranger,,,
2837,Schiers,GR,,,
2838,"Detmold (Westphalie)",Etranger,,,
2839,"Stettin (Poméranie, auj. Szczecin, Pologne)",Etranger,,,
2840,Posen/Poznan,Etranger,,,
2841,Altenklingen,TG,,,
2842,"Casale Monferrato (Piémont)",Etranger,,,
2843,Gryon,VD,,,
2844,"Cittadella (Padoue)",Etranger,,,
2845,Castro,TI,,,
2846,Pertuis,Etranger,,,
2847,Beatenberg,BE,,,
2848,Kernenried,BE,,,
2849,Livourne,Etranger,,,
2850,Chamonix,Etranger,,,
2851,Jekaterinoslaw,Etranger,,,
2852,Boulogne-sur-Mer,Etranger,,,
2853,"Montargis, Loiret",Etranger,,,
2854,"Kaiserslautern (Rhénanie-Palatinat)",Etranger,,,
2855,Dantzig,Etranger,,,
2856,Auboranges,FR,,,
2857,"Gagnac, Lot",Etranger,,,
2858,Saarburg,Etranger,,,
2859,Striegau,Etranger,,,
2860,"Saint-Pierre-de-Trivizy, Tarn",Etranger,,,
2861,"Frameries, Hainaut",Etranger,,,
2862,Cherbourg,Etranger,,,
2863,"La Neuveville",NE,,,
2864,"Saint-Pierre (Martinique)",Etranger,,,
2865,"Saint-Fort-sur-Gironde (Poitou-Charentes)",Etranger,,,
2866,"Capellades (Catalogne)",Etranger,,,
2867,Riedholz,SO,,,
2868,Douanne,BE,,,
2869,"Rougemont-le-Château, Belfort",Etranger,,,
2870,"Vic sur Seille",Etranger,,,
2871,Traiguen,Etranger,,,
2872,"Romans (Drôme)",Etranger,,,
2873,"Schwarmstedt (Basse-Saxe)",Etranger,,,
2874,"Kalisz (Pologne russe)",Etranger,,,
2875,Otelfingen,ZH,,,
2876,"Plzeň",Etranger,,,
2877,Idaho,Etranger,,,
2878,Montlingen,SG,,,
2879,Oberthal,BE,,,
2880,Flensbourg,Etranger,,,
2881,"Sasbach bei Achern (Forêt-Noire)",Etranger,,,
2882,Buttisholz,LU,,,
2883,Brunstatt,Etranger,,,
2884,Yiyang,Etranger,,,
2885,"Castelló de la Plana",Etranger,,,
2886,Buzau,Etranger,,,
2887,Losone,TI,,,
2888,Fontaines-sur-Grandson,VD,,,
2889,Zittau,Etranger,,,
2890,Lavey-Morcles,VD,,,
2891,Uetendorf,BE,,,
2892,"Altenbögge",Etranger,,,
2893,Trachselwald,BE,,,
2894,Cauderan,Etranger,,,
2895,Bristol,Etranger,,,
2896,Eggenburg,Etranger,,,
2897,Jaegerndorf,Etranger,,,
2898,Bitche,Etranger,,,
2899,Lodz,Etranger,,,
2900,Bursinel,VD,,,
2901,Wittlich,Etranger,,,
2902,"Schwenningen (Wurtemberg)",Etranger,,,
2903,Ixelles,Etranger,,,
2904,Erfurt,Etranger,,,
2905,Rubigen,BE,,,
2906,Mexico,Etranger,,,
2907,Geuensee,LU,,,
2908,Kosice,Etranger,,,
2909,Jauer,Etranger,,,
2910,Seon,AG,,,
2911,Jhelum,Etranger,,,
2912,Ilford,Etranger,,,
2913,Krefeld,Etranger,,,
2914,"Novi Sad",Etranger,,,
2915,"nord de la france",Etranger,,,
2916,Kladno,Etranger,,,
2917,"Villanueva de Cordoba",Etranger,,,
2918,"Meaux, Seine et Marne",Etranger,,,
2919,"Naumburg (Saale)",Etranger,,,
2920,Tarakan,Etranger,,,
2921,"Nove Mesto nad Metuji",Etranger,,,
2922,"Waltershausen (Thuringe)",Etranger,,,
2923,Sari,Etranger,,,
2924,"Empoli, Florence",Etranger,,,
2925,"Valentigney (Franche-Comté)",Etranger,,,
2926,Luck,Etranger,,,
2927,Moutiers,Etranger,,,
2928,Kaunas,Etranger,,,
2929,Iseltwald,BE,,,
2930,Insterburg,Etranger,,,
2931,Leiden,Etranger,,,
2932,"Figline Valdarno, Florence",Etranger,,,
2933,"Pontarlier, Doubs",Etranger,,,
2934,Cysoing,Etranger,,,
2935,"Selb (Bayern)",Etranger,,,
2936,"Bell (Eifel)",Etranger,,,
2937,Retford,Etranger,,,
2938,"Morlaix (Bretagne)",Etranger,,,
2939,Kalima,Etranger,,,
2940,Neishabour,Etranger,,,
2941,Ludwigshafen,Etranger,,,
2942,Rodewisch,Etranger,,,
2943,"Wernburg (Thuringe)",Etranger,,,
2944,"Hammond, Indiana",Etranger,,,
2945,"Fürth",Etranger,,,
2946,Pilsen,Etranger,,,
2947,St-Goarshausen,Etranger,,,
2948,Zrenjanin,Etranger,,,
2949,"Burg (Süderdithmarschen)",Etranger,,,
2950,Lommel,Etranger,,,
2951,Baarland,Etranger,,,
2952,Tinzen,GR,,,
2953,"Nordhausen/ Thüringen",Etranger,,,
2954,"Lice (kurde Piran, province de Diyarbakir)",Etranger,,,
2955,Bischofshofen,Etranger,,,
2956,Pelmonostor,Etranger,,,
2957,Salavaux,VD,,,
2958,Peterborough,Etranger,,,
2959,Pavie,Etranger,,,
2960,"Raiatea (Uturoa, Iles sous le vent)",Etranger,,,
2961,Norfolk,Etranger,,,
2962,"Umanak, Groenland",Etranger,,,
2963,Kampen,Etranger,,,
2964,Burgsteinfurt,Etranger,,,
2965,Schiedam,Etranger,,,
2966,Mayen,Etranger,,,
2967,Charmoille,JU,,,
2968,"Neuwiller, Haut-Rhin",Etranger,,,
2969,"Münchberg",Etranger,,,
2970,"Lüdinghausen","étranger",,,
2971,Tarbes,Etranger,,,
2972,Sainte-Elisabeth/Joliette,Etranger,,,
2973,Rheinbach,Etranger,,,
2974,Wikon,LU,,,
2975,Hard,Etranger,,,
2976,"Altötting",Etranger,,,
2977,"Casalmaggiore, Cremona",Etranger,,,
2978,Southampton,Etranger,,,
2979,Fachsenfeld,Etranger,,,
2980,"Bözen",AG,,,
2981,"Ornsköldsvik",Etranger,,,
2982,Blida,Etranger,,,
2983,Edesheim/Pfalz,Etranger,,,
2984,Wolfsburg,Etranger,,,
2985,Moers,Etranger,,,
2986,"Esslingen am Neckar",Etranger,,,
2987,Puerto-Rico,Etranger,,,
2988,Oran,Etranger,,,
2989,"Brownsville, Pennsylvanie",Etranger,,,
2990,"Neugersdorf in Sachsen",Etranger,,,
2991,Munich,"étranger",,,
2992,"Kansas City",Etranger,,,
2993,Turtmann,VS,,,
2994,"Sallanches, Haute-Savoie",Etranger,,,
2995,"Neumünster",Etranger,,,
2996,Gafsa,Etranger,,,
2997,Posen,Etranger,,,
2998,Palerme,Etranger,,,
2999,"Bad Essen",Etranger,,,
3000,Varnsdorf,Etranger,,,
3001,Colombes,Etranger,,,
3002,Oberzeiring,Etranger,,,
3003,Baden,ZH,,,
3004,Douala,Etranger,,,
3005,Cavergno,TI,,,
3006,Cambridge,Etranger,,,
3007,Aix-en-Provence,Etranger,,,
3008,Meldorf,Etranger,,,
3009,Anderlecht,Etranger,,,
3010,"Betschkerek im Banat",Etranger,,,
3011,Offenburg,Etranger,,,
3012,St-Aubin,NE,,,
3013,Backnang,Etranger,,,
3014,Arnsdorf,Etranger,,,
3015,Eisenberg,Etranger,,,
3016,Preonzo,TI,,,
3017,Grandfontaine,JU,,,
3018,Louvain,Etranger,,,
3019,Pistoia,Etranger,,,
3020,Hillegom,Etranger,,,
3021,Leonberg,Etranger,,,
3022,"Wohlen bei Bern",BE,,,
3023,Schweidnitz,Etranger,,,
3024,Minden,Etranger,,,
3025,Calw,Etranger,,,
3026,"Battle Creek",Etranger,,,
3027,Mittweida,Etranger,,,
3028,"Pont l'Evêque",Etranger,,,
3029,Hawai,Etranger,,,
3030,Eberbach,Etranger,,,
3031,Sulz,Etranger,,,
3032,"Neustadt an der Waldnaab",Etranger,,,
3033,Norwich,Etranger,,,
3034,Zweisimmen,BE,,,
3035,Aurillac,Etranger,,,
3036,"Shawinigan, Québec",Etranger,,,
3037,Schottland,Etranger,,,
3038,Malines,Etranger,,,
3039,Avereest,Etranger,,,
3040,Helpsen,Etranger,,,
3041,Meiningen,Etranger,,,
3042,Vichy,"étranger",,,
3043,"Ile de Wight",Etranger,,,
3044,"London (Ontario)",Etranger,,,
3045,"Hittisau, Vorarlberg",Etranger,,,
3046,Durban,Etranger,,,
3047,Oulu,Etranger,,,
3048,Cincinnati,Etranger,,,
3049,Germersheim,Etranger,,,
3050,Detmold,Etranger,,,
3051,Elze,Etranger,,,
3052,Vorau,Etranger,,,
3053,"Marburg an der Lahn",Etranger,,,
3054,"Speyer a. Rh.",Etranger,,,
3055,"Malmö",Etranger,,,
3056,Bludenz,Etranger,,,
3057,Wassenaar,Etranger,,,
3058,Autun,Etranger,,,
3059,Glogau,Etranger,,,
3060,Wahlern,BE,,,
3061,Pfronten-Heitlern,Etranger,,,
3062,Coblence,Etranger,,,
3063,"St. Urban",LU,,,
3064,Heffingen,Etranger,,,
3065,"Châteaudun",Etranger,,,
3066,Rocourt,Etranger,,,
3067,"Kortrÿk",Etranger,,,
3068,Vernon,Etranger,,,
3069,"Portici (Naples)",Etranger,,,
3070,Rosario,"étranger",,,
3071,"Momignies, Hainaut",Etranger,,,
3072,Merano,Etranger,,,
3073,Nenzing/Vorarlberg,Etranger,,,
3074,Putzleinsdorf,Etranger,,,
3075,Bazna,Etranger,,,
3076,Marl,Etranger,,,
3077,Biella,Etranger,,,
3078,Worms,Etranger,,,
3079,"Wauseon, Ohio",Etranger,,,
3080,Saint-Cloud,Etranger,,,
3081,Henniez,VD,,,
3082,"Penthéréaz",VD,,,
3083,Bussigny,VD,,,
3084,Champagne,VD,,,
3085,"La Côte-aux-Fées",NE,,,
3086,Gland,VD,,,
3087,Intragna,TI,,,
3088,"Chamalières",Etranger,,,
3089,"Colorado Springs",Etranger,,,
3090,Oberembrach,ZH,,,
3091,Holziken,AG,,,
3092,Lemgo,Etranger,,,
3093,Harare,Etranger,,,
3094,"Genève",Etranger,,,
3095,"Young America, Minnesota",Etranger,,,
3096,Mumpf,AG,,,
3097,Diepenbeek,Etranger,,,
3098,Zurich,Etranger,,,
3099,Etterbeek,Etranger,,,
3100,Quierschied,Etranger,,,
3101,Flawil,Etranger,,,
3102,Rabat,Etranger,,,
3103,Hoogezand-Sappemeer,Etranger,,,
3104,Neyruz,VD,,,
3105,Saigon,Etranger,,,
3106,Herzogenbuchsee,AG,,,
3107,Arcachon,Etranger,,,
3108,Sindelfingen,Etranger,,,
3109,Herznach,AG,,,
3110,Inkwil,BE,,,
3111,Diesbach,GL,,,
3112,Tanger,Etranger,,,
3113,"Oberbüren",SG,,,
3114,"Monforte de Lemos",Etranger,,,
3115,Remscheid,Etranger,,,
3116,Redcar,Etranger,,,
3117,Pfullendorf,Etranger,,,
3118,Bioggio,TI,,,
3119,"Diégo-Suarez (Madagascar)",Etranger,,,
3120,Cleveland,Etranger,,,
3121,Lugano-Castagnola,TI,,,
3122,"Bad Marienberg",Etranger,,,
3123,Entlebuch,Lucerne,,,
3124,Caransebes,Etranger,,,
3125,Winden,TG,,,
3126,Boppelsen,ZH,,,
3127,Bernex,GE,,,
3128,Reinsberg,Etranger,,,
3129,Hanau,Etranger,,,
3130,Etziken,SO,,,
3131,Coburg,Etranger,,,
3132,Frischborn,Etranger,,,
3133,Neustadt,Etranger,,,
3134,"Gmünd",Etranger,,,
3135,"Landsberg am Lech",Etranger,,,
3136,Gottlieben,TG,,,
3137,Herisau,AI,,,
3138,Uetikon,ZH,,,
3139,Timelkam,Etranger,,,
3140,Radolfzell,Etranger,,,
3141,Forch,ZH,,,
3142,"Boenigen ?",BE,,,
3143,"Montecatini Terme",Etranger,,,
3144,"San Valentino in Abruzzo Citeriore",Etranger,,,
3145,Terni,Etranger,,,
3146,Kilinochchi,Etranger,,,
3147,Soglio,GR,,,
3148,Sicile,Etranger,,,
3149,"Rieden (auj. comm. Wallisellen)",ZH,,,
3150,"Tägerig",AG,,,
3151,"Lödingen",Etranger,,,
3152,Oleyres,VD,,,
3153,"Oberschmitten bei Darmstadt",Etranger,,,
3154,"Ménières",FR,,,
3155,"Kappel am Albis",ZH,,,
3156,Ursins,VD,,,
3157,Vex,VS,,,
3158,Ayent,VS,,,
3159,"Kempten (auj. Wetzikon)",ZH,,,
3160,Mattwil,TG,,,
3161,"(Fridolin) à Sedel (comm. Münchwilen)",TG,,,
3162,Davos-Platz,GR,,,
3163,Hornussen,AG,,,
3164,Prague,"étranger",,,
3165,Hedingen,ZH,,,
3166,"Le Fleix (Dordogne)",Etranger,,,
3167,"Tangermünde (Prusse)",Etranger,,,
3168,Toluca,Etranger,,,
3169,"Geilenkirchen-Hünshoven",Etranger,,,
3170,Reutlingen,Etranger,,,
3171,Bischwiller,Etranger,,,
3172,Toffen,BE,,,
3173,"Colonie Alsen sur le Wannsee (Berlin)",Etranger,,,
3174,"Fréjus",Etranger,,,
3175,Vincennes,Etranger,,,
3176,Diepoldsau,SG,,,
3177,Nakel,Etranger,,,
3178,Essertines-sur-Yverdon,VD,,,
3179,Greiz,Etranger,,,
3180,Saint-Saphorin-sur-Morges,VD,,,
3181,Bottighofen,TG,,,
3182,Maloja,GR,,,
3183,Sulz,LU,,,
3184,Torgon,VS,,,
3185,"Mühlrüti (comm. Mosnang)",SG,,,
3186,Swakopmund,Etranger,,,
3187,Fontenais,BE,,,
3188,"Grüsch",GR,,,
3189,Buchs/Frauenfeld,TG,,,
3190,Plumieux,Etranger,,,
3191,"Delémont",JU,,,
3192,Origlio,TI,,,
3193,"Kell am See",Etranger,,,
3194,Seen,ZH,,,
3195,Mettlen,TG,,,
3196,Gurzelen,BE,,,
3197,Vessy,GE,,,
3198,Dombresson,NE,,,
3199,Billens-Hennens,FR,,,
3200,"Oulens-sous-Échallens",VD,,,
3201,"Reichenau in Sachsen",Etranger,,,
3202,Pailly,VD,,,
3203,"Höllstein im Wiesental (auj. Steinen, Bade)",Etranger,,,
3204,Soulce,JU,,,
3205,Kiesen,BE,,,
3206,Kandergrund,BE,,,
3207,Adelboden,BE,,,
3208,Niederwald,VS,,,
3209,"Fleurier (Val-de-Travers)",NE,,,
3210,Schaffouse,SH,,,
3211,"St. Gall",SG,,,
3212,"Hereq (KOS)",ZH,,,
3213,Valangin,NE,,,
3214,"Le Pont-de-Beauvoisin",Etranger,,,
3215,"Kappel (Toggenbourg)",SO,,,
3216,Kirchenthurnen,BE,,,
3217,Sommeri,TG,,,
3218,Boltigen,BE,,,
3219,"Büron",LU,,,
3220,Chaux-de-Fonds,NE,,,
3221,"Allens (comm. Cossonay)",VD,,,
3222,Ponts-de-Martel,NE,,,
3223,Eiken,AG,,,
3224,Mont-sur-Lausanne,VD,,,
3225,"Bellano (Lecco)",Etranger,,,
3226,Radelfingen,BE,,,
3227,"La Ferrière",BE,,,
3228,"Villars-sur-Marly (comm. Pierrafortscha)",FR,,,
3229,"La Roche",FR,,,
3230,Courtion,FR,,,
3231,Franenfeld,TG,,,
3232,Roeselare,Etranger,,,
3233,"Bad Salzuflen",Etranger,,,
3234,"Gächlingen",SH,,,
3235,"Cava Manara",Etranger,,,
3236,"Fétigny",FR,,,
3237,"Hünenberg",ZG,,,
3238,Boczki,Etranger,,,
3239,Ramsberg,ZH,,,
3240,Tegerfelden,AG,,,
3241,Grolley,FR,,,
3242,"Kamieniec Podolski",Etranger,,,
3243,Rapperswil,BE,,,
3244,"Rüti bei Büren",BE,,,
3245,"La Magne",FR,,,
3246,Meggen,LU,,,
3247,"La Chaux (comm. Sainte-Croix)",VD,,,
3248,"Langnau bei Reiden (auj. comm. Reiden)",LU,,,
3249,"Vira (auj. comm. Gambarogno)",TI,,,
3250,"Lottigna (auj. comm. Acquarossa)",TI,,,
3251,"Castelrotto (commun de Croglio)",TI,,,
3252,Gimel,VD,,,
3253,Coppet,GE,,,
3254,Wuppenau,TG,,,
3255,Montagny,FR,,,
3256,"Rütschelen",BE,,,
3257,Marsens,FR,,,
3258,Ladenburg,Etranger,,,
3259,Tscheppach,SO,,,
3260,Unterentfelden,AG,,,
3261,Cuarnens,VD,,,
3262,Locle,NE,,,
3263,Landeron,NE,,,
