id,name,wikidata_uri
0,Suisse,
1,suisse,
2,"Française",
3,Anglaise,
4,Allemande,
5,"Suisse et britannique",
6,Italienne,
7,"puis suisse?",
8,Canadienne,
9,Allemande?,
10,"puis Suisse",
11,"Française?",
12,"Suisse et française",
13,"Suisse et Française",
14,Suisse?,
15,"Suisse et marocaine",
16,Singapour,
17,"Américaine",
18,"Suisse et Britannique",
19,Irlandaise,
20,"Suédoise",
21,"puis suisse",
22,"Italien/Français",
23,"puis Suisse?",
24,"puis Suisse (dès 1858)",
25,Hongroise,
26,Autrichienne,
27,"Espagnole et suisse (2015)",
28,"Suisse et Belge",
29,"Française et Suisse",
30,"Suisse et Italienne",
31,Italienne?,
32,Russe?,
33,"Arménienne",
34,Allemand,
35,"Suisse et allemande",
36,Chinoise,
37,"Suisse et Hongroise",
38,Espagnole,
39,Polonaise,
40,Russe,
41,"puis suisse (1867)",
42,"allemande et suisse (1890)",
43,"Tchèque",
44,Hollandaise,
45,Belge,
46,"Italienne et suisse",
47,Indienne,
48,"Suisse?
Américaine?",
49,Autrichienne?,
50,"Française et suisse",
51,Grecque,
52,"Allemande et suisse",
53,"puis suisse (1972)",
54,"puis suisse (1952)",
55,"puis suisse (1968)",
56,"Suisse et Grecque",
57,"puis américaine",
58,"Allemande et Suisse",
59,"Française et Canadienne",
60,Britannique,
61,"puis suisse (1951)",
62,"puis Française",
63,"Suisse et Canadienne",
64,"Israélienne",
65,"puis allemand (1932)",
66,"Française et depuis 1974 suisse",
67,"Autrichienne et Américaine",
68,"égyptienne",
69,italienne,
70,?,
71,"belge et autrichienne",
72,"Hollandaise et Anglaise",
73,"Américaine  (irlandaise?)",
74,"Française et ivoirienne",
75,"Suisse et egyptienne",
76,"Française et suisse (depuis 1986)",
77,"Italienne et Suisse",
78,Albanais,
79,"Suisse et Expagne",
80,"néerlandaise",
81,Tunisienne,
82,Turque,
83,"Uruguayenne et irlandaise",
84,Belgique,
85,"Egyptienne et Monténégrine",
86,Marocaine,
87,"puis Suisse (1889)",
88,"Italienne (piémontaise)",
89,"puis suisse (1863)",
90,"Française et brésilienne",
91,Belge?,
92,"Suisse (1859)",
93,"puis anglaise",
94,"Suisse et belge",
95,Apatride,
96,"arménien?",
97,Danoise,
98,"Américaine et indienne",
99,"Brésilienne",
100,"Suisse et anglais",
101,"Belge et suisse",
102,"Belge et marocaine",
103,Hongroise?,
104,"Italienne/Américaine",
105,"Coréenne du Sud",
106,"américaine et suisse",
107,"Suisse et italienne",
108,"Roumaine et suisse",
109,Bulgare,
110,"Américaine?",
111,anglais,
112,Americaine?,
113,Hollandiaise,
114,Suise,
115,Hongrois?,
116,"Suisse et Etats-Unis",
117,"Italienne et suisse (2001)",
118,Italo-canadien,
119,Sud-Africaine,
120,"Suisse et Liechtensteinoise",
121,"Suisse et brésilien",
122,"Israélienne et Allemande",
123,Liechtensteinoise,
124,"Belge et Française",
125,"Grec + Suisse",
126,"puis Suisse (1915)",
127,"puis Suisse (1906)",
128,"puis Suisse (1933)",
129,"puis Suisse (1919)",
130,"puis Suisse (1932)",
131,"Géorgienne",
132,"puis Suisse (1905)",
133,"puis Américaine (1968)",
134,"Suisse et Américaine",
135,"Italienne et Suisse ?",
136,Prusse,
137,"Suisse et USA jusqu'en 2002",
138,"Tchèqueslovaque",
139,"puis Suisse et Slovaque",
140,Angolaise,
141,"Suisse et Allemande",
142,"Suisse et Anglaise",
143,Sud-Africaine/israelienne,
144,"Norvégienne",
145,"Hollandaise et Suisse",
146,"Néo-Zélandaise",
147,indienne,
148,Finlandaise,
149,Portuguaise,
150,"Suisse et autrichienne",
151,Luxembourgeoise,
152,"puis  Suisse",
153,"puis Suisse (1859)",
154,"Italienne et Suisse (1993)",
155,"puis Suisse (1955)",
156,"Suisse (1937)",
157,"puis Suisse (1944)",
158,"Allemande et Suisse (1902)",
159,"Français",
160,"puis Suisse (1866)",
161,"Allemande (Prussienne)",
162,"puis Suisse (1892)",
163,Austro-hongroise?,
164,"puis Suisse (1895)",
165,"puis apatride",
166,"Allemande (prussien)",
167,"puis Suisse (1921)",
168,"puis Suisse (1893)",
169,"puis Suisse (1902)",
170,"puis Suisse (1894)",
171,Austro-hongroise,
172,"puis Italienne",
173,autrichienne,
174,"puis Suisse (1940)",
175,"et Américaine (1948)",
176,"puis Suisse (1938)",
177,"puis Suisse (1935)",
178,"puis Suisse (1917)",
179,"Arménienne et Suisse (1932)",
180,"puis Suisse (1960)",
181,"puis Suisse (1949)",
182,hongroise,
183,"puis Suisse (1946)",
184,"puis Suisse (1965)",
185,Chilienne,
186,"puis Suisse (1913)",
187,"puis Suisse (1912)",
188,"puis Suisse (1956)",
189,Argentine,
190,"Roumaine et Suisse",
191,"puis Suisse (1939)",
192,Egyptienne,
193,"Tchécoslovaque",
194,"puis Américaine",
195,"Égyptienne",
196,"Hongroise et Américaine",
197,"puis Suisse (1979)",
198,"puis Suisse (1981)",
199,"Suisse (or polish?)",
200,"Grecque et Américaine (ou Grecque",
201,"puis Américaine)",
202,Yougoslave,
203,"puis Suisse (2007)",
204,"Péruvienne",
205,"puis Canadienne et Suisse",
206,Liechtensteinoise?,
207,Croate,
208,"puis Suisse (1901)",
209,"puis Américaine (1940)",
210,"puis Suisse (1990)",
211,Prussienne,
212,"Mozambicaine et Suisse",
213,"Afgane et Suisse",
214,"Allemande et Australienne",
215,Australienne,
216,"Australienne (depuis 1944)",
217,"Sud-coréenne",
218,"Suisse et espagnole",
219,"Israélienne et Suisse",
220,"Angolaise et Suisse",
221,"Française et iranienne",
222,Togolaise,
223,Rwandaise,
224,"Française et Anglaise",
225,Japonnaise,
226,"Turque et grecque",
227,"Française (Guadeloupe)",
228,Japonse,
229,Singapourienne,
230,Sud-africaine,
231,"Sud-Africaine et Suisse?",
232,"Allemande et Américaine",
233,"Anglaise et Américaine",
234,"Allemande et Française",
235,"Suédoise et Suisse",
236,"Suisse et Italie",
237,Portugaise,
238,"Suisse et Italien",
239,"Américaine??",
240,"Allemande et Américaine (Allemande",
241,"puis Américaine?)",
242,"Américaine et Italienne",
243,"puis Suisse (1888)",
244,"puis Suisse (1867)",
245,Malaisienne?,
246,"Américaine et hongroise",
247,Finlandaise?,
248,Canadienne?,
249,"Suisse et kosovare",
250,Danois,
251,greque,
252,"puis Suisse (1936)",
253,(Chine,
254,puis?)USA,
255,"Tchèque?",
256,Italie,
257,"Suédois",
258,"Italienne puis Suisse ?",
259,"puis Suisse (dès 1877)",
260,"Suisse et arménienne",
261,"puis Suisse (1880)",
262,"Turque et Suisse (2001)",
263,"Italien puis suisse",
264,"puis suisse (1987)",
265,"Algérienne",
266,"Italienne et suisse (2020)",
267,Kowait,
268,"dès 1929",
269,SUisse,
270,Neerlandaise,
271,"puis Suisse (1911)",
272,"puis Suédois",
273,"Autrichienne et Suisse",
274,"Suisse et Espagnole",
275,"Suisse et Turque",
276,"Française et Américaine",
277,France,
278,Turque?,
279,"Turque et Suisse",
280,"Australienne et hollandaise",
281,"Indienne et Américaine?",
282,Autriche,
283,"Allemande et autrichienne",
284,Allemande/suisse???,
285,"puis Suisse (1914)",
286,"Tchèque puis suisse?",
287,"(Allemande puis?) Suisse",
288,"puis suisse ?",
289,Suisse/Autriche,
290,"Suisse (HO Luxembourg?)",
291,"Belge et Suisse",
292,"puis Suisse (1918)",
293,"puis Italienne et Suisse",
294,"Bavaroise/allemande puis suisse",
295,"arménienne",
296,"plus suisse",
297,Norvegien,
298,"Suisse (et Française?)",
299,"Suisse et canadienne",
300,"Suisse et Polonaise",
301,"Italienne et suisse (1952)",
302,"Anglaise et Suisse",
303,"puis suisse (1888)",
304,"puis suisse (1894)",
305,Libanaise,
306,Roumaine,
307,"Israélienne et Américaine",
308,"Suisse (1980)",
309,"Américaine et Suisse",
310,"Suisse et Allemande?",
311,"Yougoslave et Suisse",
312,"Hollandaise et suisse",
313,"Suisse et américaine",
314,"puis Suisse (1916)",
315,"Suisse (et Italienne jusqu'en 2017)",
316,"Suisse et Colombienne",
317,"puis suisse (1934)",
318,"Suisse et Australienne",
319,"Suisse et Norvégienne",
320,"puis canadienne",
321,Suisse-canadien,
322,"puis allemande",
323,"puis suisse (1915)",
324,Espagne,
325,"Français et suisse",
326,"puis suisse (1937)",
327,Anglaise?,
328,"puis Allemande",
329,"Suisse et américaine (1968-1991)",
330,"Suisse (et Italienne; 2e génération née en Suisse)",
331,Canadien,
332,Hollandaise?,
333,"Suédoise?",
334,"puis Suisse (dès 1871)",
335,"Suisse (Yougoslave",
336,"puis Suisse?)",
337,"Allemande et Suisse?",
338,Iranienne,
339,Luxembourgeois,
340,Hollandais,
341,"Allemande et suisse (dès 1886)",
342,"puis suisse (1909)",
343,Croate?,
344,Polonais,
345,belge,
346,Quatarie,
347,"Autrichienne et suisse",
348,"Suisse et hongrois",
349,Taiwanaise,
350,"Américaine et irlandaise",
351,"Anglaise et australienne",
352,"canadienne et anglaise",
353,"Américaine et suisse",
354,"Américaine et anglaise",
355,"Suisse et anglaise",
356,"Sud-africaine et irlandaise",
357,Mexicaine,
358,"Suisse et italien",
359,"puis suisse??",
360,"Autrichienne et Allemande",
361,grecque,
362,"Suisse et Italienne (Suisse",
363,"puis Italienne?)",
364,Japonaise,
365,"Canadienne et anglaise",
366,"Italienne et Suisse (puis Suisse?)",
367,hollandaise?,
368,allemande?,
369,"puis suisse (1940)",
370,Lituanienne,
371,"puis suisse (1918)",
372,"puis suisse (1880)",
373,Polonaise?,
374,"Suisse et Russe",
375,"puis Polonaise",
376,"puis suisse (1875)",
377,"puis française",
378,"Néerlandaise",
379,"puis suisse (1868)",
380,"puis suisse (1907)",
381,"puis suisse (1906)",
382,"Russe et suisse (1897)",
383,"Hollandaise et suisse (1877)",
384,"Bulgare et suisse (1910)",
385,"Allemande et suisse (1887)",
386,"puis suisse (1895)",
387,"puis suisse (1873)",
388,"puis suisse (1939)",
389,"puis suisse (1919)",
390,"puis suisse (1936)",
391,"puis Suisse (1924)",
392,"puis suisse (1941)?",
393,"puis suisse (1932)",
394,"suisse (dès 1919)",
395,"Allemande et suisse (1921)",
396,"Française et suisse (1905)",
397,"puis suisse (1942)",
398,"puis suisse (1900)",
399,"puis suisse (1944)",
400,"puis suisse (1911)",
401,"puis suisse (1943)",
402,"puis américaine (1946) et suisse (1949)",
403,"puis américaine (1947)",
404,Serbe,
405,"puis suisse (1960)",
406,"Allemande et suisse (1949)",
407,"puis irlandais (1946)",
408,allemande,
409,"puis suisse (1914)",
410,"Hongroise et Suisse (1924)",
411,"puis suisse (1959)",
412,"puis suisse (1931)",
413,"puis suisse (1953)",
414,"Suisse et français (1932)",
415,"puis suisse (1949)",
416,"puis suisse (1954)",
417,Vietnamienne,
418,"Hongroise et suisse",
419,"Français et suisse (1964)",
420,chinoise,
421,"Polonaise et suisse",
422,"Norvégien",
423,"Israélien",
424,"puis suisse (1958)",
425,"Allemande et suisse (1934)",
426,"puis suisse (1956)",
427,"Suisse (1956)",
428,canadienne,
429,Bosnienne,
430,Indienne?,
431,"Yougoslave et suisse",
432,"puis suisse (1980)",
433,Japonaise?,
434,Lituanie,
435,"puis suisse (1961)",
436,"Allemande. puis suisse",
437,"puis suisse (1976)",
438,"Suisse (probablement naturalisé)",
439,"puis suisse (1973)",
440,Yougosalve,
441,"puis croate",
442,"puis anglaise (1963)",
443,Turc,
444,"puis suisse  (1964)",
445,Autralienne,
446,Yougoslave?,
447,"Iranienne et suisse",
448,"Libanaise et Anglaise et (puis?) Suisse",
449,"Allemande et Autrichienne",
450,"Tunisienne et suisse",
451,"Britannique et (puis?) Suisse",
452,Islandaise?,
453,"Ghanéenne",
454,espagnole,
455,"Suisse (dès ?)",
456,"Tchèque et Suisse",
457,"allemand puis suisse (1903)",
458,"Canadienne et Italienne",
459,Italienne???,
460,"Suisse et turque",
461,"suisse et française",
462,"Grècque",
463,"Italienne (dès 1947)",
464,"Grecque et Suisse",
465,"Britannique et canadienne",
466,Chine,
467,Irannienne,
468,Tchecoslovaque?,
469,"française",
470,marocaine,
471,Ukrainienne,
472,"Américaine et Grèque",
473,Ukraine?,
474,Espagnol,
475,"Américaine et italienne",
476,Chinoise?,
477,"Suisse? (Tchecoslovaquie?)",
478,"Allemande et Américaine (puis Américaine?)",
479,Kenyanne,
480,"américaine",
481,"Française et américaine (1999)",
482,"Australienne et suisse",
483,"Mexicaine et américaine",
484,"Brésilienne et allemande",
485,"Canadienne et américaine",
486,"Anglaise et américaine",
487,"française et américaine",
488,"Suisse et chinoise",
489,"Allemande et américaine",
490,"française et canadienne",
491,"Suisse et grecque",
492,"Belge et française",
493,"Espagnole et suisse",
494,"Suisse et chilienne",
495,anglaise,
496,"Suisse et Allemande (Allemande",
497,Neerlandaise?,
498,"puis Britannique",
499,"Israélienne et Américaine (Israélienne",
500,"puis Néerlandaise",
501,Britannique?,
502,"Espagnole et Suisse (Espagnole",
503,"Suisse et Tchèque",
504,"Suédoise et Japonaise",
505,"Israélienne?",
506,"Américaine et canadienne",
507,Ecossaise,
508,"Suisse et Hollandais",
509,"Brésilienne et italienne",
510,"Française et américaine",
511,"Allemande et brésilienne",
512,"puis Suisse (1896)",
513,"anglaise et américaine",
514,"Suisse et suédoise",
515,"Allemande et Nouvelle-Zélande",
516,"Turque et  suisse",
517,"Française et israéiienne",
518,"Suisse et hollandaise",
519,"anglaise et française",
520,"Suisse et chinoise (Hong Kong)",
521,"Chypriote et israélienne",
522,Saoudienne,
523,"Canadienne et suisse",
524,"Néerlandais",
525,"Indienne et Américaine",
526,"Canadienne et française",
527,"Suisse et Suédoise",
528,Malaisienne,
529,"Israélienne et américaine",
530,Philippine,
531,"Américaine et hollandaise",
532,Roumaine?,
533,Macedonien,
534,"Grecque et américaine",
535,"Française et allemande",
536,"Anglaise et suisse",
537,"Grecque et anglaise",
538,"Péruvienne et américaine",
539,Autrichien,
540,Bulgare?,
541,"Israëlienne?",
542,Portugaise?,
543,"Suisse? (Autre?)",
544,"Israëlienne",
545,"(puis?) Canadienne",
546,mexicaine,
547,"puis suisse (1866)",
548,"Suisse et Autrichienne",
549,"puis suisse (1950",
550,"Polonaise et Suisse?",
551,"Allemande et suisse?",
552,Libanais,
553,"Belge + Français + Suisse (1996)",
554,"Allemand et Suisse (1922)",
555,Italienne/Suisse,
556,"puis Italienne (1880)",
557,"puis Suisse (1941)",
558,"Suisse (et Algérienne jusqu'en 2000)",
